Date,Close,High,Low,Open,Volume,Return,Return_Lag1,Return_Lag2,Return_Lag3,Volatility_10,RSI,MACD,MACD_Hist,BB_PctB,BB_Width,Target_Return
2023-01-20,22676.552734375,22692.357421875,20919.126953125,21085.373046875,28799154319,0.07539125404137925,0.019238045679950355,-0.022339524368838015,-0.00038325091993141047,0.031417975913908,91.61949249269632,0.05789610938300826,0.014000049882993498,0.976100665658804,0.44196629672642496,0.004457126566322689
2023-01-21,22777.625,23282.34765625,22511.833984375,22677.427734375,32442278429,0.004457126566322689,0.07539125404137925,0.019238045679950355,-0.022339524368838015,0.032206833852845285,91.73719131930756,0.06221450802486937,0.014654758819883686,0.9257509942463111,0.4607711622954643,-0.002511630794474806
2023-01-22,22720.416015625,23056.73046875,22387.900390625,22777.986328125,24746386230,-0.002511630794474806,0.004457126566322689,0.07539125404137925,0.019238045679950355,0.03165783493372012,90.81316007321536,0.06505318213000014,0.013994746340011556,0.8724889901631623,0.4686476852026774,0.009419529327844067
2023-01-23,22934.431640625,23126.486328125,22654.3046875,22721.087890625,26518700512,0.009419529327844067,-0.002511630794474806,0.004457126566322689,0.07539125404137925,0.02908870397116829,90.95559281194036,0.06653779439281347,0.012383486882259917,0.8546860523019687,0.4701816256031168,-0.012991945703908492
2023-01-24,22636.46875,23134.01171875,22549.744140625,22929.626953125,26405069715,-0.012991945703908492,0.009419529327844067,-0.002511630794474806,0.004457126566322689,0.02669984218569118,86.79293873312565,0.06725568507155326,0.010481102048799762,0.792059736261079,0.46203306924914034,0.021266153759075257
2023-01-25,23117.859375,23722.099609375,22406.076171875,22639.267578125,30685366709,0.021266153759075257,-0.012991945703908492,0.009419529327844067,-0.002511630794474806,0.026604024362533077,86.77941886988896,0.06664466325028846,0.00789606418202797,0.8126577569899464,0.45132132943925884,-0.003680359408276712
2023-01-26,23032.77734375,23237.078125,22911.373046875,23108.955078125,26357839322,-0.003680359408276712,0.021266153759075257,-0.012991945703908492,0.009419529327844067,0.026937373441986528,83.59361234486883,0.0664546938131709,0.0061648757959283235,0.7773063211763653,0.43309302051754905,0.0019950339114214177
2023-01-27,23078.728515625,23417.720703125,22654.59375,23030.716796875,25383335641,0.0019950339114214177,-0.003680359408276712,0.021266153759075257,-0.012991945703908492,0.026857799732015596,80.4587832082087,0.06538436497864583,0.004075637569122596,0.7601989440039103,0.40687270967984995,-0.0020641809553220147
2023-01-28,23031.08984375,23165.896484375,22908.845703125,23079.96484375,14712928379,-0.0020641809553220147,0.0019950339114214177,-0.003680359408276712,0.021266153759075257,0.024922604340804677,74.55957240483528,0.06387151154491405,0.002050227308312648,0.7358208235460645,0.3735890893183838,0.03228143207915801
2023-01-29,23774.56640625,23919.890625,22985.0703125,23031.44921875,27423687259,0.03228143207915801,-0.0020641809553220147,0.0019950339114214177,-0.003680359408276712,0.025726969967879737,79.94839915701914,0.06241276977170932,0.0004731884280863366,0.8126049388792863,0.3392106916699111,-0.03930367092328346
2023-01-30,22840.138671875,23789.34765625,22657.58203125,23774.6484375,27205595568,-0.03930367092328346,0.03228143207915801,-0.0020641809553220147,0.0019950339114214177,0.019254823256769932,65.25060918703619,0.06140149599465403,-0.00043046827917516545,0.6707385129528444,0.2893378979471458,0.013097316769725253
2023-01-31,23139.283203125,23225.021484375,22765.568359375,22840.796875,22837828665,0.013097316769725253,-0.03930367092328346,0.03228143207915801,-0.0020641809553220147,0.019623169559826712,67.14463006513373,0.058191567762702526,-0.0029123172089013383,0.7114805441232191,0.2391935050871487,0.025259482888651652
2023-02-01,23723.76953125,23764.5390625,22877.75,23137.8359375,26683255504,0.025259482888651652,0.013097316769725253,-0.03930367092328346,0.03228143207915801,0.020877918211568147,75.80935233874905,0.05623009499804431,-0.003899031978847653,0.8191766171730205,0.20484545929022374,-0.01061797692681965
2023-02-02,23471.87109375,24167.2109375,23468.595703125,23720.82421875,32066936882,-0.01061797692681965,0.025259482888651652,0.013097316769725253,-0.03930367092328346,0.021313286856818534,70.79943860796577,0.05491181371212088,-0.004173850611816868,0.7502190992779688,0.1826613261683785,-0.0009606745041729203
2023-02-03,23449.322265625,23678.103515625,23279.955078125,23469.412109375,27083066007,-0.0009606745041729203,-0.01061797692681965,0.025259482888651652,0.013097316769725253,0.020669961869549745,59.27404005722997,0.05275444722509415,-0.00506497367907488,0.7228595138321564,0.174895897927419,-0.005009723012217249
2023-02-04,23331.84765625,23556.94921875,23291.794921875,23446.3203125,15639298538,-0.005009723012217249,-0.0009606745041729203,-0.01061797692681965,0.025259482888651652,0.01984636992682253,56.62516705221368,0.05027386470295787,-0.006036444960968931,0.674641618710212,0.16141162157380343,-0.01612309690031044
2023-02-05,22955.666015625,23423.435546875,22841.759765625,23332.248046875,19564262605,-0.01612309690031044,-0.005009723012217249,-0.0009606745041729203,-0.01061797692681965,0.020556692315011792,52.61291358260372,0.04702131958226531,-0.00743119206532919,0.5516179740686482,0.14812964279387886,-0.008518883333286542
2023-02-06,22760.109375,23119.279296875,22692.025390625,22954.021484375,23825006542,-0.008518883333286542,-0.01612309690031044,-0.005009723012217249,-0.0009606745041729203,0.02070344740974066,48.05583667224447,0.04297826227699967,-0.009179399496475872,0.4663670271592946,0.13174132108435432,0.022151986720186922
2023-02-07,23264.291015625,23310.974609375,22756.2578125,22757.267578125,27187964471,0.022151986720186922,-0.008518883333286542,-0.01612309690031044,-0.005009723012217249,0.021968226949883225,56.69400119034083,0.03988782674115149,-0.009815868025859244,0.6231625424924403,0.09680657978724726,-0.013965290320121615
2023-02-08,22939.3984375,23367.958984375,22731.09765625,23263.416015625,25371367758,-0.013965290320121615,0.022151986720186922,-0.008518883333286542,-0.01612309690031044,0.01942464428681128,48.03151065162745,0.03714644976322985,-0.010045796003024701,0.39190234214434333,0.0574752866906894,-0.04883996317743455
2023-02-09,21819.0390625,22996.4375,21773.974609375,22946.56640625,32572572185,-0.04883996317743455,-0.013965290320121615,0.022151986720186922,-0.008518883333286542,0.02150579222865215,39.101197925728044,0.031789232905002275,-0.012322410289001828,-0.21263451214537848,0.07435848538340917,-0.007693073387383564
2023-02-10,21651.18359375,21941.185546875,21539.392578125,21819.005859375,27078406594,-0.007693073387383564,-0.04883996317743455,-0.013965290320121615,0.022151986720186922,0.02061801696531872,37.45593979150412,0.02531638883628042,-0.015036203486178946,-0.13178500004953397,0.09176066754141245,0.010146854341645195
2023-02-11,21870.875,21891.41015625,21618.44921875,21651.841796875,16356226232,0.010146854341645195,-0.007693073387383564,-0.04883996317743455,-0.013965290320121615,0.01848002287343269,40.104230177974934,0.02036625875084928,-0.015989066857288067,0.03951003887538979,0.1013105217200462,-0.003779998514005456
2023-02-12,21788.203125,22060.994140625,21682.828125,21870.90234375,17821046406,-0.003779998514005456,0.010146854341645195,-0.007693073387383564,-0.04883996317743455,0.018496547051417445,30.905387777111045,0.01621485030447534,-0.016112380242929606,0.06912760707036572,0.11111768555791651,0.0009132665684197239
2023-02-13,21808.1015625,21898.4140625,21460.087890625,21787.0,23918742607,0.0009132665684197239,-0.003779998514005456,0.010146854341645195,-0.007693073387383564,0.01857676818147861,37.96273389273044,0.01277817670030191,-0.015639243077682434,0.11874694865166184,0.11876630229842604,0.018924303145655852
2023-02-14,22220.8046875,22293.140625,21632.39453125,21801.822265625,26792596581,0.018924303145655852,0.0009132665684197239,-0.003779998514005456,0.010146854341645195,0.020330950469586065,39.56369382225073,0.011248361034370042,-0.013735246994891441,0.2906186535508111,0.12082598528242247,0.09392266116037784
2023-02-15,24307.841796875,24307.841796875,22082.76953125,22220.5859375,32483312909,0.09392266116037784,0.018924303145655852,0.0009132665684197239,-0.003779998514005456,0.0366671316591001,54.94729033511111,0.016088840221627487,-0.007115814246107199,0.971977446741652,0.13406231940257818,-0.028154173176657027
2023-02-16,23623.474609375,25134.1171875,23602.5234375,24307.349609375,39316664596,-0.028154173176657027,0.09392266116037784,0.018924303145655852,0.0009132665684197239,0.03805007159323446,51.196475667710224,0.018736129319272515,-0.0035748201187697365,0.734405089801361,0.13698128130119283,0.03988096453648349
2023-02-17,24565.6015625,24924.041015625,23460.755859375,23621.283203125,41358451255,0.03988096453648349,-0.028154173176657027,0.09392266116037784,0.018924303145655852,0.039361472667879094,57.69317434451842,0.022514996264592982,0.00016323746124058403,0.9603999699426303,0.15135727241172728,0.0030805588480080637
2023-02-18,24641.27734375,24798.8359375,24468.373046875,24565.296875,19625427158,0.0030805588480080637,0.03988096453648349,-0.028154173176657027,0.09392266116037784,0.038758744809346185,59.076622229539055,0.025947847450887518,0.0028768709180280946,0.9384755070526785,0.16183163220116298,-0.012728023845912761
2023-02-19,24327.642578125,25093.0546875,24327.642578125,24640.02734375,25555105670,-0.012728023845912761,0.0030805588480080637,0.03988096453648349,-0.028154173176657027,0.03431904353405457,59.593366426904886,0.027733527353405986,0.0037300406564372487,0.8191160647785641,0.16897055268154393,0.020614650916729094
2023-02-20,24829.1484375,25020.458984375,23927.91015625,24336.623046875,28987376573,0.020614650916729094,-0.012728023845912761,0.0030805588480080637,0.03988096453648349,0.03372683741940749,63.873874345824014,0.029588930443505426,0.0044683549972293485,0.8954414549887548,0.18137825393159077,-0.01581991113645098
2023-02-21,24436.353515625,25126.8515625,24200.36328125,24833.048828125,31252098714,-0.01581991113645098,0.020614650916729094,-0.012728023845912761,0.0030805588480080637,0.03505408506860907,57.97840856212191,0.030362623917645628,0.004193638777095637,0.7849492478999226,0.1865253473983262,-0.01012875204423358
2023-02-22,24188.84375,24472.33984375,23644.318359375,24437.41796875,30199996781,-0.01012875204423358,-0.01581991113645098,0.020614650916729094,-0.012728023845912761,0.03542087945152103,58.59572226716078,0.02974341772625556,0.0028595460685644537,0.7152900750137183,0.1898601918517561,-0.00997780485063493
2023-02-23,23947.4921875,24572.08984375,23693.919921875,24190.71875,30476264066,-0.00997780485063493,-0.01012875204423358,-0.01581991113645098,0.020614650916729094,0.03593097403621246,66.65762785234715,0.02816095049820493,0.0010216630724110588,0.6534717801116434,0.19147511964495303,-0.03129201289670536
2023-02-24,23198.126953125,24103.705078125,23007.072265625,23946.0078125,26811744928,-0.03129201289670536,-0.00997780485063493,-0.01012875204423358,-0.01581991113645098,0.037989269560818634,61.0966229368829,0.024640155726243052,-0.0019993053596406574,0.48674398161883314,0.19152530604729634,-0.0009807668166905703
2023-02-25,23175.375,23210.2109375,22861.55859375,23200.125,16100721565,-0.0009807668166905703,-0.03129201289670536,-0.00997780485063493,-0.01012875204423358,0.02161558561293645,59.629588192312646,0.020830379651270676,-0.0046472651476904304,0.4791315255905182,0.1910826278112801,0.016648614774302573
2023-02-26,23561.212890625,23654.3671875,23084.220703125,23174.150390625,16644534842,0.016648614774302573,-0.0009807668166905703,-0.03129201289670536,-0.00997780485063493,0.02080770262027493,62.52734117005442,0.018607482670031726,-0.005496129703143504,0.5571522175433848,0.18992228083930005,-0.0016273269569350157
2023-02-27,23522.87109375,23857.890625,23205.87890625,23561.451171875,22660763494,-0.0016273269569350157,0.016648614774302573,-0.0009807668166905703,-0.03129201289670536,0.015386414135699274,62.0843452231186,0.01681865738709312,-0.005827963988865689,0.5455302727236243,0.18998334090518587,-0.01596393470118429
2023-02-28,23147.353515625,23585.384765625,23077.650390625,23521.837890625,20535363434,-0.01596393470118429,-0.0016273269569350157,0.016648614774302573,-0.0009807668166905703,0.015559874291865746,56.56398890525605,0.014154208396608692,-0.006793930383480095,0.45832322669778225,0.1894187078582684,0.02156606219747892
2023-03-01,23646.55078125,23880.6328125,23088.626953125,23150.9296875,24662841200,0.02156606219747892,-0.01596393470118429,-0.0016273269569350157,0.016648614774302573,0.017589800987388146,43.95526862001358,0.013128838362781569,-0.006255440333845775,0.5533858311282155,0.1788426139578533,-0.007235050302163204
2023-03-02,23475.466796875,23739.138671875,23245.021484375,23647.01953125,20386398516,-0.007235050302163204,0.02156606219747892,-0.01596393470118429,-0.0016273269569350157,0.015578686486154068,48.506991017515766,0.011919056972777889,-0.005972177379079567,0.4899384129471729,0.16342258066727944,-0.047402129167592566
2023-03-03,22362.6796875,23479.34765625,22213.23828125,23476.6328125,26062404610,-0.047402129167592566,-0.007235050302163204,0.02156606219747892,-0.01596393470118429,0.020371543375754506,28.517952495918422,0.007326347894388663,-0.008451909165975033,0.1810896803347685,0.1566647091614805,-0.0004172164631153219
2023-03-04,22353.349609375,22405.177734375,22198.98046875,22362.923828125,11166012913,-0.0004172164631153219,-0.047402129167592566,-0.007235050302163204,0.02156606219747892,0.020523566425152066,27.39652914804782,0.0031479296932566156,-0.010104261893685665,0.15237319610864816,0.14813876420919178,0.0036756935285233716
2023-03-05,22435.513671875,22613.685546875,22307.142578125,22354.14453125,13317001733,0.0036756935285233716,-0.0004172164631153219,-0.047402129167592566,-0.007235050302163204,0.020805067934776815,30.41087480851077,0.00012871514789760766,-0.01049878115123574,0.1435883448218764,0.13825622946005203,-0.00025655126328649747
2023-03-06,22429.7578125,22584.29296875,22331.314453125,22436.81640625,17353192895,-0.00025655126328649747,0.0036756935285233716,-0.0004172164631153219,-0.047402129167592566,0.01888983987728327,22.31763486412187,-0.0022502438423392316,-0.010302192113178064,0.13073489644813224,0.1352433756629731,-0.00936203961743065
2023-03-07,22219.76953125,22527.41796875,22011.26171875,22428.322265625,22765452204,-0.00936203961743065,-0.00025655126328649747,0.0036756935285233716,-0.0004172164631153219,0.018966250768345363,23.30048938904241,-0.004881008238900554,-0.01034636520779151,0.1165642967883313,0.14253918909154595,-0.022578517406286358
2023-03-08,21718.080078125,22268.896484375,21708.05078125,22216.44140625,22536575684,-0.022578517406286358,-0.00936203961743065,-0.00025655126328649747,0.0036756935285233716,0.018255757109458568,21.956041451723678,-0.008871299114834584,-0.011469324866980431,0.04390598343484965,0.1583854174245584,-0.06239311158608585
2023-03-09,20363.021484375,21802.716796875,20210.306640625,21720.080078125,30364664171,-0.06239311158608585,-0.022578517406286358,-0.00936203961743065,-0.00025655126328649747,0.024839606731395566,17.525315315602256,-0.017902372751718836,-0.016400318803091746,-0.1391067423267901,0.19127557271896106,-0.008632183779056501
2023-03-10,20187.244140625,20370.595703125,19628.25390625,20367.001953125,39578257695,-0.008632183779056501,-0.06239311158608585,-0.022578517406286358,-0.00936203961743065,0.02488456319140085,19.558022483554396,-0.025217758159634982,-0.018972563368806313,-0.06071129534078208,0.21648948750426872,0.022051846825845045
2023-03-11,20632.41015625,20792.525390625,20068.66015625,20187.876953125,30180288176,0.022051846825845045,-0.008632183779056501,-0.06239311158608585,-0.022578517406286358,0.02496055544690914,26.312321250536712,-0.028159581248289593,-0.01753150916596874,0.0864294049741927,0.22906240054471785,0.07422977009964415
2023-03-12,22163.94921875,22185.03125,20448.806640625,20628.029296875,29279035521,0.07422977009964415,0.022051846825845045,-0.008632183779056501,-0.06239311158608585,0.037358541182184575,39.27392432483652,-0.022945135202935146,-0.009853650496491433,0.3986564135636439,0.21527162617309886,0.09175187888693825
2023-03-13,24197.533203125,24550.837890625,21918.19921875,22156.40625,49466362688,0.09175187888693825,0.07422977009964415,0.022051846825845045,-0.008632183779056501,0.04499102121497502,53.96457139263107,-0.011727518435493653,0.001091173016760049,0.8225921534225231,0.21233277633362763,0.022669294883089997
2023-03-14,24746.07421875,26514.716796875,24081.18359375,24201.765625,54622230164,0.022669294883089997,0.09175187888693825,0.07422977009964415,0.022051846825845045,0.04505738100610732,59.207457529351444,-0.0024519798007389174,0.008293369321211828,0.9158908360197716,0.21971210430571264,-0.014956444322371198
2023-03-15,24375.9609375,25240.615234375,23964.91015625,24770.92578125,43655701450,-0.014956444322371198,0.022669294883089997,0.09175187888693825,0.07422977009964415,0.045778685213833,54.26427064207613,0.003498670401433923,0.011395215618707736,0.8302805642440105,0.22416805104244877,0.027766213062754286
2023-03-16,25052.7890625,25190.326171875,24225.111328125,24373.45703125,33866061747,0.027766213062754286,-0.014956444322371198,0.022669294883089997,0.09175187888693825,0.04598913650482622,58.70648128523041,0.010085101905072731,0.014385317697877235,0.9120198239913436,0.2411737498303888,0.0946457745317153
2023-03-17,27423.9296875,27787.8125,24955.169921875,25055.123046875,50730261335,0.0946457745317153,0.027766213062754286,-0.014956444322371198,0.022669294883089997,0.0519784768470667,74.5294613658333,0.02078720510914446,0.02006993672155917,1.1423535317858975,0.2993749367981874,-0.01670259464889101
2023-03-18,26965.87890625,27725.953125,26636.26171875,27448.1171875,35723036817,-0.01670259464889101,0.0946457745317153,0.027766213062754286,-0.014956444322371198,0.051443280596431856,71.42294203269554,0.028766402831540805,0.022439307555164413,0.9903159404478429,0.3340226442650694,0.039783493752593824
2023-03-19,28038.67578125,28440.560546875,26907.716796875,26969.50390625,37769448859,0.039783493752593824,-0.01670259464889101,0.0946457745317153,0.027766213062754286,0.04183910995262672,73.83101457081447,0.03614892654466335,0.023857465014629563,1.0226087224468239,0.37962994628410934,-0.00968089417783835
2023-03-20,27767.236328125,28527.724609375,27242.880859375,28041.6015625,44774027664,-0.00968089417783835,0.039783493752593824,-0.01670259464889101,0.0946457745317153,0.04195693152222901,72.19932618665088,0.04201783195394351,0.023781096339127783,0.9268920962804348,0.41039362064133067,0.014714466837708162
2023-03-21,28175.81640625,28439.5625,27439.646484375,27768.392578125,36102192830,0.014714466837708162,-0.00968089417783835,0.039783493752593824,-0.01670259464889101,0.04223592296765471,74.36946961352103,0.046352038918191604,0.0224922426427007,0.9109617897034886,0.4408320573321306,-0.030820008681536337
2023-03-22,27307.4375,28803.3359375,26759.99609375,28158.720703125,33382021890,-0.030820008681536337,0.014714466837708162,-0.00968089417783835,0.039783493752593824,0.04372006311129317,72.20290785643229,0.04874053966233295,0.019904594709473637,0.7978856827351251,0.45534278341314055,0.03759177902540278
2023-03-23,28333.97265625,28729.84375,27183.36328125,27301.95703125,24220433689,0.03759177902540278,-0.030820008681536337,0.014714466837708162,-0.00968089417783835,0.03693607811080644,82.5120129782706,0.05002001500922244,0.0169472560450905,0.8479313795185623,0.4710111281855381,-0.02967065403073854
2023-03-24,27493.28515625,28388.4375,27039.265625,28324.111328125,25980310960,-0.02967065403073854,0.03759177902540278,-0.030820008681536337,0.014714466837708162,0.03957875812574459,78.26675579372477,0.05098170493611714,0.014327156777588154,0.7485433590501812,0.47295109706219357,5.17171735541222e-05
2023-03-25,27494.70703125,27791.826171875,27196.234375,27487.337890625,13383005987,5.17171735541222e-05,-0.02967065403073854,0.03759177902540278,-0.030820008681536337,0.038749750540691706,77.49397690675465,0.04995738701702801,0.010642271086799215,0.7252495158118355,0.4716192953992321,0.018171608313816145
2023-03-26,27994.330078125,28178.14453125,27445.046875,27495.5234375,13878363192,0.018171608313816145,5.17171735541222e-05,-0.02967065403073854,0.03759177902540278,0.03845478454471201,75.46524767058399,0.04914416782905678,0.007863241519062383,0.7423373145690539,0.4698617582641185,-0.03052194511765327
2023-03-27,27139.888671875,28037.92578125,26606.689453125,27994.068359375,18188895178,-0.03052194511765327,0.018171608313816145,5.17171735541222e-05,-0.02967065403073854,0.027227606515666632,64.32698584425485,0.047665580265240814,0.005107723164197137,0.6517678968839756,0.4572777342780485,0.004725228944394866
2023-03-28,27268.130859375,27460.71875,26677.818359375,27132.888671875,17783600385,0.004725228944394866,-0.03052194511765327,0.018171608313816145,5.17171735541222e-05,0.026666403660061774,62.80455480900753,0.04491645299317201,0.001886876713702662,0.6441235295225188,0.43595728129078326,0.0396180637553154
2023-03-29,28348.44140625,28619.54296875,27259.662109375,27267.03125,20684945906,0.0396180637553154,0.004725228944394866,-0.03052194511765327,0.018171608313816145,0.026640007993581936,68.8118070122865,0.043849524961881665,0.0006559589459298465,0.7238544758547265,0.3931439071045782,-0.0111074503792854
2023-03-30,28033.5625,29159.90234375,27720.16015625,28350.140625,22435349951,-0.0111074503792854,0.0396180637553154,0.004725228944394866,-0.03052194511765327,0.026709773492196567,64.6166108176382,0.04345154137396757,0.0002063802864125941,0.6811558861630198,0.3309977397635855,0.015871042968584437
2023-03-31,28478.484375,28639.896484375,27583.71484375,28032.26171875,19001327598,0.015871042968584437,-0.0111074503792854,0.0396180637553154,0.004725228944394866,0.026776853158466157,56.375546181535135,0.042844748777260355,-0.0003203298482356981,0.7339786734625648,0.26090496110973405,-0.0023684272611504964
2023-04-01,28411.03515625,28802.45703125,28297.171875,28473.33203125,10876469901,-0.0023684272611504964,0.015871042968584437,-0.0111074503792854,0.0396180637553154,0.024378126048944283,59.17011409351057,0.04232425015994196,-0.0006726627724432735,0.72584707283168,0.20525424787904267,-0.00745226498561502
2023-04-02,28199.30859375,28518.958984375,27884.087890625,28462.845703125,12284641999,-0.00745226498561502,-0.0023684272611504964,0.015871042968584437,-0.0111074503792854,0.021524551614471,51.1443305796899,0.041065984692357824,-0.0015447425920219332,0.6730228239695357,0.1789421766789567,-0.014507018470504951
2023-04-03,27790.220703125,28475.623046875,27276.720703125,28183.080078125,19556501327,-0.014507018470504951,-0.00745226498561502,-0.0023684272611504964,0.015871042968584437,0.019677980477692553,50.160588730732215,0.038768361334852286,-0.003073892759621978,0.5672958234683801,0.1542809709833252,0.0135971982612757
2023-04-04,28168.08984375,28433.7421875,27681.3046875,27795.2734375,15284538859,0.0135971982612757,-0.014507018470504951,-0.00745226498561502,-0.0023684272611504964,0.020049184901802276,49.94578287824391,0.036639286891806046,-0.004162373762134575,0.6534974391056334,0.11146295345912273,0.000351267384649967
2023-04-05,28177.984375,28739.23828125,27843.763671875,28169.7265625,17052315986,0.000351267384649967,0.0135971982612757,-0.014507018470504951,-0.00745226498561502,0.01928916359293892,56.94538371640047,0.03497686393367597,-0.0046598373762117284,0.6765827787130893,0.0665857552857939,-0.004749940528704033
2023-04-06,28044.140625,28178.384765625,27738.759765625,28175.2265625,13837809380,-0.004749940528704033,0.000351267384649967,0.0135971982612757,-0.014507018470504951,0.01609314631861011,47.303586302536765,0.03306401848948231,-0.005258146256324314,0.589498491050098,0.0651647875354972,-0.004217681389550476
2023-04-07,27925.859375,28111.59375,27794.03125,28038.966796875,10861680497,-0.004217681389550476,-0.004749940528704033,0.000351267384649967,0.0135971982612757,0.01625880825695168,54.64934377912688,0.030851434433971814,-0.005976584249467849,0.4977046942224657,0.05726374397525492,0.0007854922772632111
2023-04-08,27947.794921875,28159.86328125,27883.38671875,27920.513671875,9373255556,0.0007854922772632111,-0.004217681389550476,-0.004749940528704033,0.000351267384649967,0.00973996249409732,54.84844646813996,0.028696743185937797,-0.006505020398001493,0.5142894043763069,0.057159893936462584,0.013784839213681899
2023-04-09,28333.05078125,28532.830078125,27828.48046875,27952.3671875,12175322951,0.013784839213681899,0.0007854922772632111,-0.004217681389550476,-0.004749940528704033,0.010149861697185958,53.71555943673898,0.027422172916879747,-0.0062236725336476326,0.7331344519553217,0.05827546325983954,0.04658621825410658
2023-04-10,29652.98046875,29771.46484375,28189.271484375,28336.02734375,19282400094,0.04658621825410658,0.013784839213681899,0.0007854922772632111,-0.004217681389550476,0.017266109421334618,75.01272308159452,0.02879176766492052,-0.0038832622284854894,1.230551648224418,0.0794053131596008,0.019629666758571807
2023-04-11,30235.05859375,30509.083984375,29609.30078125,29653.6796875,20121259843,0.019629666758571807,0.04658621825410658,0.013784839213681899,0.0007854922772632111,0.017733968973002768,77.08304733066353,0.0314417437042657,-0.0009866289513122475,1.2172587827071193,0.10201765069198677,-0.003175315803583212
2023-04-12,30139.052734375,30462.48046875,29725.57421875,30231.58203125,18651929926,-0.003175315803583212,0.019629666758571807,0.04658621825410658,0.013784839213681899,0.017411935637141895,69.92597686499917,0.033446802444510905,0.0008147438311463598,1.056498846198059,0.11922636941963462,0.00862713483952482
2023-04-13,30399.06640625,30539.845703125,29878.623046875,29892.740234375,17487721001,0.00862713483952482,-0.003175315803583212,0.019629666758571807,0.04658621825410658,0.015719831748156873,76.64880307480266,0.034944818694154944,0.0018502080646323193,1.0255161718114634,0.13329432853071524,0.002849851088919886
2023-04-14,30485.69921875,31005.607421875,30044.498046875,30409.5625,22659995079,0.002849851088919886,0.00862713483952482,-0.003175315803583212,0.019629666758571807,0.015747230755113566,74.59819757372321,0.03606893238336338,0.0023794574030726046,0.9689018029425805,0.14390739037062145,-0.005484641300179338
2023-04-15,30318.49609375,30601.740234375,30245.8828125,30490.75,11940685378,-0.005484641300179338,0.002849851088919886,0.00862713483952482,-0.003175315803583212,0.01616668216184242,72.81784044754387,0.036378410251930754,0.0021511482173119795,0.8770559405685434,0.15202342375487896,-0.00010358775680330279
2023-04-16,30315.35546875,30555.537109375,30157.83203125,30315.9765625,12854816417,-0.00010358775680330279,-0.005484641300179338,0.002849851088919886,0.00862713483952482,0.015840131024796828,76.64259998819618,0.03604593441782639,0.0014549379065660964,0.8411919159136424,0.15061971649832573,-0.028708571396173888
2023-04-17,29445.044921875,30319.197265625,29275.37109375,30317.146484375,17872186762,-0.028708571396173888,-0.00010358775680330279,-0.005484641300179338,0.002849851088919886,0.019416310026923136,68.6673840413222,0.034059368413009515,-0.0004253024786006268,0.6222156573287195,0.14209145962541633,0.032348662229154
2023-04-18,30397.552734375,30470.302734375,29154.849609375,29449.091796875,19480529496,0.032348662229154,-0.028708571396173888,-0.00010358775680330279,-0.005484641300179338,0.02106407516431526,72.26331242654376,0.0327995729587935,-0.0013480783462533133,0.8168809248787641,0.1469680919397559,-0.0518092051895368
2023-04-19,28822.6796875,30411.0546875,28669.8984375,30394.1875,24571565421,-0.0518092051895368,0.032348662229154,-0.028708571396173888,-0.00010358775680330279,0.028264694170607528,54.904855165281276,0.029679687605861153,-0.003574370959348535,0.43722591012886625,0.14332137683927898,-0.020008250880993006
2023-04-20,28245.98828125,29076.400390625,28037.2578125,28823.68359375,21340360360,-0.020008250880993006,-0.0518092051895368,0.032348662229154,-0.028708571396173888,0.024159450704202518,51.43871491543621,0.024384777506525148,-0.0070954248469476296,0.303248260425547,0.14453128337067642,-0.034308522518338824
2023-04-21,27276.91015625,28349.96875,27177.365234375,28249.23046875,20759504330,-0.034308522518338824,-0.020008250880993006,-0.0518092051895368,0.032348662229154,0.024174105128167898,45.874792909046846,0.01734180678653959,-0.01131071645354655,0.11062718269859653,0.15392982194344992,0.01981858797984626
2023-04-22,27817.5,27872.142578125,27169.5703125,27265.89453125,13125734602,0.01981858797984626,-0.034308522518338824,-0.020008250880993006,-0.0518092051895368,0.025923262128717883,49.22298368395023,0.012284935161476515,-0.013094070462887701,0.2400833154486544,0.15648930932872776,-0.008128524647254443
2023-04-23,27591.384765625,27820.244140625,27400.314453125,27816.14453125,12785446832,-0.008128524647254443,0.01981858797984626,-0.034308522518338824,-0.020008250880993006,0.025285953270774042,45.491485144565075,0.007862520808637936,-0.014013187852581026,0.19564739904269965,0.15819065132704688,-0.002393679129772508
2023-04-24,27525.33984375,27979.982421875,27070.849609375,27591.73046875,17703288330,-0.002393679129772508,-0.008128524647254443,0.01981858797984626,-0.034308522518338824,0.02505811822231957,34.7399684755938,0.004047927762750073,-0.014262224718775111,0.19690089856742105,0.1628847413813768,0.02841955147295372
2023-04-25,28307.59765625,28371.078125,27207.931640625,27514.873046875,17733373139,0.02841955147295372,-0.002393679129772508,-0.008128524647254443,0.01981858797984626,0.027856017989709134,36.56159529820606,0.003175223875210248,-0.01210794288505195,0.3609002194891949,0.162275699906964,0.004066170397882152
2023-04-26,28422.701171875,29995.837890625,27324.548828125,28300.05859375,31854242019,0.004066170397882152,0.02841955147295372,-0.002393679129772508,-0.008128524647254443,0.02799306533473573,38.06524828551313,0.002855692339968032,-0.009941979536235334,0.3800812093830469,0.16043453754480422,0.036980508331842854
2023-04-27,29473.787109375,29871.546875,28402.88671875,28428.46484375,27153445027,0.036980508331842854,0.004066170397882152,0.02841955147295372,-0.002393679129772508,0.029743142772330696,44.20369808914361,0.005335577791561631,-0.005969675267713388,0.5912760153187286,0.15689789400896437,-0.00453030993708059
2023-04-28,29340.26171875,29572.791015625,28929.609375,29481.013671875,17544464887,-0.00453030993708059,0.036980508331842854,0.004066170397882152,0.02841955147295372,0.027561533808024147,42.86645326747443,0.006967665433648733,-0.00347007010050103,0.547945607094046,0.1525116579597946,-0.0031279011203009244
2023-04-29,29248.48828125,29452.455078125,29088.04296875,29336.56640625,10662634333,-0.0031279011203009244,-0.00453030993708059,0.036980508331842854,0.004066170397882152,0.02169452447217704,43.27301223530729,0.007923202577491089,-0.0020116263653269396,0.5172261895959748,0.15011929215310585,0.000694680667924441
2023-04-30,29268.806640625,29952.029296875,29114.021484375,29245.515625,14652199272,0.000694680667924441,-0.0031279011203009244,-0.00453030993708059,0.036980508331842854,0.020340578595417096,43.434675862292046,0.008613853346914028,-0.001056780476723201,0.5263845035985056,0.1494626075497965,-0.04022160164248023
2023-05-01,28091.568359375,29329.935546875,27680.79296875,29227.103515625,18655599976,-0.04022160164248023,0.000694680667924441,-0.0031279011203009244,-0.00453030993708059,0.021615825582450034,41.8240706307422,0.0060978101361422515,-0.0028582589499959827,0.27948507550848684,0.14911201580244063,0.020966033026897257
2023-05-02,28680.537109375,28881.298828125,27924.123046875,28087.17578125,16432924527,0.020966033026897257,-0.04022160164248023,0.000694680667924441,-0.0031279011203009244,0.021716903308265496,39.151576239277595,0.0053348921691472725,-0.00289694153359277,0.4304612208371378,0.145523826920504,0.01135862564681589
2023-05-03,29006.30859375,29259.533203125,28178.388671875,28680.494140625,19122972518,0.01135862564681589,0.020966033026897257,-0.04022160164248023,0.000694680667924441,0.02145290047442041,51.377651618166986,0.005616778240701742,-0.0020920443696306407,0.5255630765251077,0.13832898049424186,-0.005467695268338013
2023-05-04,28847.7109375,29353.185546875,28694.0390625,29031.3046875,15548678514,-0.005467695268338013,0.01135862564681589,0.020966033026897257,-0.04022160164248023,0.021595687936463822,54.81650257395429,0.005413996046654312,-0.0018358612509424563,0.5068746713984201,0.12874509949405818,0.023803407820215394
2023-05-05,29534.384765625,29668.908203125,28845.509765625,28851.48046875,17936566518,0.023803407820215394,-0.005467695268338013,0.01135862564681589,0.020966033026897257,0.021080611805801314,68.92563894235036,0.006903744376683945,-0.00027689033673025925,0.714374318525319,0.12177448263051455,-0.021323001096775096
2023-05-06,28904.623046875,29820.126953125,28468.966796875,29538.859375,15913866714,-0.021323001096775096,0.023803407820215394,-0.005467695268338013,0.01135862564681589,0.022605997974965982,58.97968448566866,0.006529111315675547,-0.0005212187181909255,0.5600614298095842,0.11143113684898948,-0.015556145829018653
2023-05-07,28454.978515625,29157.517578125,28441.3671875,28901.623046875,11301355486,-0.015556145829018653,-0.021323001096775096,0.023803407820215394,-0.005467695268338013,0.019432904712204355,56.87928944296052,0.004878283553120726,-0.0017376371845965978,0.4335613819673242,0.109212827804672,-0.026733637409259936
2023-05-08,27694.2734375,28663.271484375,27310.134765625,28450.45703125,19122903752,-0.026733637409259936,-0.015556145829018653,-0.021323001096775096,0.023803407820215394,0.020804031060929783,51.211614374525475,0.0013520201915597477,-0.004211120436926061,0.20055111099390205,0.0975717646630775,-0.0012817829272578907
2023-05-09,27658.775390625,27821.400390625,27375.6015625,27695.068359375,14128593256,-0.0012817829272578907,-0.026733637409259936,-0.015556145829018653,-0.021323001096775096,0.020836184519533018,44.788296560840834,-0.0016354591842113776,-0.005758879850157749,0.21776983268004776,0.1009113908184739,-0.0013384371045779275
2023-05-10,27621.755859375,28322.6875,26883.669921875,27654.63671875,20656025026,-0.0013384371045779275,-0.0012817829272578907,-0.026733637409259936,-0.015556145829018653,0.02078021015656761,43.48462846157513,-0.0040710174328216445,-0.006555550479014413,0.2247209406232524,0.10431496019628202,-0.022481076150133283
2023-05-11,27000.7890625,27621.94140625,26781.826171875,27621.0859375,16724343943,-0.022481076150133283,-0.0013384371045779275,-0.0012817829272578907,-0.026733637409259936,0.018075357497521403,28.369508433871616,-0.007902118000257636,-0.008309320837160322,0.03564924135510211,0.10787122403561863,-0.007251596524522896
2023-05-12,26804.990234375,27055.646484375,25878.4296875,26987.662109375,19313599897,-0.007251596524522896,-0.022481076150133283,-0.0013384371045779275,-0.0012817829272578907,0.0158433213869077,28.06378989783734,-0.01140144003535865,-0.00944691429780907,0.03236956334602258,0.11824697909493229,-0.0007801573211611013
2023-05-13,26784.078125,27030.482421875,26710.873046875,26807.76953125,9999171605,-0.0007801573211611013,-0.007251596524522896,-0.022481076150133283,-0.0013384371045779275,0.01473869463895929,28.412192311061474,-0.014041108781220448,-0.009669266434936694,0.06761373951621867,0.1264797019812367,0.005471927993601522
2023-05-14,26930.638671875,27150.9765625,26661.35546875,26788.974609375,10014858959,0.005471927993601522,-0.0007801573211611013,-0.007251596524522896,-0.022481076150133283,0.0153286089974106,29.9612529744887,-0.015421346715987742,-0.00883960349576319,0.13213600001297973,0.13188803489808437,0.009730726801279843
2023-05-15,27192.693359375,27646.34765625,26766.09765625,26931.384765625,14413231792,0.009730726801279843,0.005471927993601522,-0.0007801573211611013,-0.007251596524522896,0.012618676231089828,40.863111049698745,-0.015460177161528296,-0.0071027471530429945,0.22678390874484933,0.13674998432778854,-0.005738415341494774
2023-05-16,27036.650390625,27299.3046875,26878.947265625,27171.513671875,12732238816,-0.005738415341494774,0.009730726801279843,0.005471927993601522,-0.0007801573211611013,0.011743619293113572,31.677620866269947,-0.015980318634888652,-0.006098310901122679,0.21492025120176095,0.1421791621054267,0.013394867282656264
2023-05-17,27398.802734375,27465.927734375,26600.14453125,27035.470703125,15140006925,0.013394867282656264,-0.005738415341494774,0.009730726801279843,0.005471927993601522,0.012809456794017779,32.227247854964645,-0.014868123308141338,-0.003988892459500291,0.3252197597183453,0.13781492805687479,-0.02067950762275983
2023-05-18,26832.208984375,27466.52734375,26415.1015625,27401.650390625,15222938600,-0.02067950762275983,0.013394867282656264,-0.005738415341494774,0.009730726801279843,0.011694437458289417,29.560398945157132,-0.015972753518084335,-0.004074818135554631,0.20813398779862002,0.1369827485077984,0.0021585968530852817
2023-05-19,26890.12890625,27128.619140625,26700.2109375,26826.75390625,11258983301,0.0021585968530852817,-0.02067950762275983,0.013394867282656264,-0.005738415341494774,0.011803813339210685,19.264495887506328,-0.01620302882581805,-0.0034440747546306757,0.2478844461320249,0.13419286027975819,0.008905016115201336
2023-05-20,27129.5859375,27155.158203125,26843.27734375,26888.841796875,7044911360,0.008905016115201336,0.0021585968530852817,-0.02067950762275983,0.013394867282656264,0.012370892899973935,27.309011938985293,-0.015378432277802341,-0.0020955825652919716,0.3311974300715255,0.12717660571383146,-0.013850552916312875
2023-05-21,26753.826171875,27265.91796875,26706.921875,27118.423828125,8647416921,-0.013850552916312875,0.008905016115201336,0.0021585968530852817,-0.02067950762275983,0.010985599291313621,27.83481018134438,-0.015995612087754157,-0.0021702099001950307,0.24961962902502896,0.13055045240325208,0.0036425134576618667
2023-05-22,26851.27734375,27045.734375,26549.734375,26749.892578125,11056770492,0.0036425134576618667,-0.013850552916312875,0.008905016115201336,0.0021585968530852817,0.010820698604101262,36.72107281390907,-0.01577959904559646,-0.0015633574864298647,0.2982404165434789,0.12858210222341843,0.013945303754316907
2023-05-23,27225.7265625,27434.68359375,26816.1796875,26855.9609375,13697203143,0.013945303754316907,0.0036425134576618667,-0.013850552916312875,0.008905016115201336,0.01163961324043852,43.83672452795783,-0.014166021158830838,4.017632026860618e-05,0.42335646411901195,0.11950264833190119,-0.03272302765106416
2023-05-24,26334.818359375,27224.603515625,26106.576171875,27224.603515625,16299104428,-0.03272302765106416,0.013945303754316907,0.0036425134576618667,-0.013850552916312875,0.015790321068120734,35.26529148206687,-0.016045873034982616,-0.0014717404447065364,0.17896905301020732,0.11581368021271667,0.005368887301425707
2023-05-25,26476.20703125,26591.51953125,25890.59375,26329.4609375,13851122697,0.005368887301425707,-0.03272302765106416,0.013945303754316907,0.0036425134576618667,0.015483814727261895,43.25287609263384,-0.01644378960911733,-0.0014957256150729993,0.21150923769184352,0.09209505268948404,0.009181223884829448
2023-05-26,26719.291015625,26916.669921875,26343.94921875,26474.181640625,12711619225,0.009181223884829448,0.005368887301425707,-0.03272302765106416,0.013945303754316907,0.01585756200348771,48.910991053239776,-0.015758203884723716,-0.0006481119125435076,0.31046514236124456,0.0721179573389205,0.005578834405180588
2023-05-27,26868.353515625,26888.8828125,26621.140625,26720.181640625,7892015141,0.005578834405180588,0.009181223884829448,0.005368887301425707,-0.03272302765106416,0.015246470445920748,51.03713734804924,-0.01463202696765218,0.0003824520036224237,0.40394366039946855,0.05468867166769824,0.0453058267244435
2023-05-28,28085.646484375,28193.44921875,26802.751953125,26871.158203125,14545229578,0.0453058267244435,0.005578834405180588,0.009181223884829448,0.005368887301425707,0.019791830063452816,61.249454042973476,-0.009602264447675164,0.004329771618879551,1.136067287761035,0.06141149470437325,-0.0120973437068298
2023-05-29,27745.884765625,28432.0390625,27563.876953125,28075.591796875,15181308984,-0.0120973437068298,0.0453058267244435,0.005578834405180588,0.009181223884829448,0.020500079290957877,55.307589616662625,-0.007099928030807074,0.005465686428598113,0.9213076872195478,0.06248776733930469,-0.0015690671469931194
2023-05-30,27702.349609375,28044.759765625,27588.501953125,27745.123046875,13251081851,-0.0015690671469931194,-0.0120973437068298,0.0453058267244435,0.005578834405180588,0.020450856885165816,56.52797792379818,-0.005099541966637557,0.005972857994214103,0.887426838421275,0.06340159876097554,-0.01742420455507676
2023-05-31,27219.658203125,27831.677734375,26866.453125,27700.529296875,15656371534,-0.01742420455507676,-0.0015690671469931194,-0.0120973437068298,0.0453058267244435,0.020792384635661652,48.28384431446951,-0.004941498359892763,0.004904721280767118,0.5990570546347755,0.06363994166166707,-0.014683709247646393
2023-06-01,26819.97265625,27346.10546875,26671.720703125,27218.412109375,14678970415,-0.014683709247646393,-0.01742420455507676,-0.0015690671469931194,-0.0120973437068298,0.02142188181595942,49.878906918947465,-0.005949217638496277,0.0031176016017308824,0.36630131885297,0.06357392087414362,0.01601855426947596
2023-06-02,27249.58984375,27303.861328125,26574.64453125,26824.556640625,14837415000,0.01601855426947596,-0.014683709247646393,-0.01742420455507676,-0.0015690671469931194,0.021580340617864343,53.313526542563956,-0.005251296550555119,0.003052418151737633,0.6032053723792828,0.06314182054393119,-0.0064023326039167605
2023-06-03,27075.12890625,27317.052734375,26958.00390625,27252.32421875,8385597470,-0.0064023326039167605,0.01601855426947596,-0.014683709247646393,-0.01742420455507676,0.01848950055356774,49.491924585733216,-0.0052625548815994246,0.002432927856554662,0.4969128089938402,0.06293045180590522,0.001622799291266075
2023-06-04,27119.06640625,27407.01953125,26968.224609375,27075.123046875,9360912318,0.001622799291266075,-0.0064023326039167605,0.01601855426947596,-0.014683709247646393,0.018472485490037608,53.63254960875932,-0.005047248016646272,0.0021185877772062524,0.5248963065830073,0.06283501546864298,-0.05011119223804861
2023-06-05,25760.09765625,27129.982421875,25445.16796875,27123.109375,21513292646,-0.05011119223804861,0.001622799291266075,-0.0064023326039167605,0.01601855426947596,0.02460606543647706,41.324480851507886,-0.00929076735764526,-0.0016999452510341887,-0.105241968975018,0.07662598104972182,0.057402171630208665
2023-06-06,27238.783203125,27313.8203125,25434.8671875,25732.109375,21929670693,0.057402171630208665,-0.05011119223804861,0.001622799291266075,-0.0064023326039167605,0.03125944547550916,50.08830311918055,-0.007302690032557516,0.00023050565924284498,0.6141206077866364,0.0758978887189716,-0.03277624957004588
2023-06-07,26345.998046875,27332.181640625,26146.98828125,27235.650390625,19530045082,-0.03277624957004588,0.057402171630208665,-0.05011119223804861,0.001622799291266075,0.028845211121346345,50.07558994225901,-0.008965495986977469,-0.0011458402361416865,0.20189945635384962,0.0788981230022655,0.0061572444403654725
2023-06-08,26508.216796875,26797.513671875,26246.6640625,26347.654296875,11904824295,0.0061572444403654725,-0.03277624957004588,0.057402171630208665,-0.05011119223804861,0.02899384790780634,50.215821767486645,-0.009423013841242396,-0.0012826864723252899,0.29106787661430683,0.0804629210952012,-0.0010503081775867784
2023-06-09,26480.375,26770.2890625,26339.314453125,26505.923828125,11015551640,-0.0010503081775867784,0.0061572444403654725,-0.03277624957004588,0.057402171630208665,0.028999495223425112,48.340986562703186,-0.009811158582035599,-0.0013366649704947935,0.2964863100533594,0.08186200021089268,-0.02375852931180167
2023-06-10,25851.240234375,26531.044921875,25501.8359375,26481.76171875,19872933189,-0.02375852931180167,-0.0010503081775867784,0.0061572444403654725,-0.03277624957004588,0.02938883818101246,43.37870084903252,-0.012180344615766597,-0.002964680803380632,0.07039113920178484,0.08940983996859803,0.0034399794195076883
2023-06-11,25940.16796875,26203.439453125,25668.986328125,25854.03125,10732609603,0.0034399794195076883,-0.02375852931180167,-0.0010503081775867784,0.0061572444403654725,0.029267312566745,33.627930282795774,-0.013390189131062468,-0.0033396202549412033,0.14749072058770646,0.09493535994086931,-0.001452109670044499
2023-06-12,25902.5,26087.919921875,25675.197265625,25934.28515625,11677889997,-0.001452109670044499,0.0034399794195076883,-0.02375852931180167,-0.0010503081775867784,0.02852142023740732,35.253295150966494,-0.0143548761268297,-0.0034434458005667464,0.1719805213909661,0.09903072745157274,0.0006265231396582749
2023-06-13,25918.728515625,26376.3515625,25728.365234375,25902.94140625,14143474486,0.0006265231396582749,-0.001452109670044499,0.0034399794195076883,-0.02375852931180167,0.028561192916670187,35.66878001318226,-0.01487254357340514,-0.003168890597713747,0.19544084000563874,0.10219666144795451,-0.030636253390914137
2023-06-14,25124.67578125,26041.80078125,24902.15234375,25920.2578125,14265717766,-0.030636253390914137,0.0006265231396582749,-0.001452109670044499,0.0034399794195076883,0.029657549995552715,33.96912943500212,-0.018114557534254984,-0.005128723646850873,-0.004203696246380936,0.11588398049070918,0.017979087727655774
2023-06-15,25576.39453125,25735.30859375,24797.16796875,25121.673828125,15837384409,0.017979087727655774,-0.030636253390914137,0.0006265231396582749,-0.001452109670044499,0.02634658183859214,40.55927984394563,-0.01831635825213206,-0.004264419491782358,0.17647893931873032,0.12191929725818768,0.029365685552642073
2023-06-16,26327.462890625,26463.173828125,25245.357421875,25575.283203125,16324646965,0.029365685552642073,0.017979087727655774,-0.030636253390914137,0.0006265231396582749,0.02031200554343808,43.325366488527145,-0.015712421274919394,-0.0013283860116557536,0.41622612461444747,0.12212346530638833,0.006959002900740696
2023-06-17,26510.67578125,26769.39453125,26174.4921875,26328.6796875,11090276850,0.006959002900740696,0.029365685552642073,0.017979087727655774,-0.030636253390914137,0.017589750102220646,45.91948767967668,-0.013255251364863654,0.0009030271187199894,0.4965301546801001,0.11054336305527515,-0.006580854145875503
2023-06-18,26336.212890625,26675.92578125,26325.890625,26510.45703125,9565695129,-0.006580854145875503,0.006959002900740696,0.029365685552642073,0.017979087727655774,0.017616920543552118,44.445463769774875,-0.011867201376588964,0.0018328616855957432,0.45768135871822785,0.10198107705774016,0.019547852547670663
2023-06-19,26851.029296875,26984.611328125,26312.83203125,26335.44140625,12826986222,0.019547852547670663,-0.006580854145875503,0.006959002900740696,0.029365685552642073,0.018716695257887946,58.79383282244567,-0.008843420317818668,0.003885314195492831,0.6800372983128767,0.09322556291623894,0.05498705349618893
2023-06-20,28327.48828125,28388.96875,26668.791015625,26841.6640625,22211859147,0.05498705349618893,0.019547852547670663,-0.006580854145875503,0.006959002900740696,0.022968320968554938,58.77903616241509,-0.0020525507213148076,0.008540947033597354,1.1372979411486703,0.11054284313533935,0.06000562340273241
2023-06-21,30027.296875,30737.330078125,28283.41015625,28311.310546875,33346760979,0.06000562340273241,0.05498705349618893,0.019547852547670663,-0.006580854145875503,0.027790215000914748,76.26640199938626,0.007280120894828068,0.014298894919792186,1.2868098149797442,0.16248773885681972,-0.0038303689299371557
2023-06-22,29912.28125,30495.998046875,29679.158203125,29995.935546875,20653160491,-0.0038303689299371557,0.06000562340273241,0.05498705349618893,0.019547852547670663,0.02795709213524767,74.45302439885367,0.014166752229364634,0.016948421003463002,1.1051269275369342,0.19489545925131943,0.02618280743799839
2023-06-23,30695.46875,31389.5390625,29845.21484375,29896.3828125,24115570085,0.02618280743799839,-0.0038303689299371557,0.06000562340273241,0.05498705349618893,0.02767990774656349,77.31482583085051,0.02091980281607456,0.018961177272138342,1.096990368281139,0.23366903205555103,-0.0047815994828226405
2023-06-24,30548.6953125,30804.1484375,30290.146484375,30708.73828125,12147822496,-0.0047815994828226405,0.02618280743799839,-0.0038303689299371557,0.06000562340273241,0.023601780385695662,82.47058661520545,0.025998323695193032,0.01923175852100545,0.9860392511907797,0.26104067144591836,-0.002240147837737516
2023-06-25,30480.26171875,31041.271484375,30327.943359375,30545.150390625,12703464114,-0.002240147837737516,-0.0047815994828226405,0.02618280743799839,-0.0038303689299371557,0.024635982205942403,81.47201414131786,0.029489556625887283,0.01817839316135976,0.9146050654664913,0.2765226747113805,-0.006861189753050945
2023-06-26,30271.130859375,30636.029296875,29955.744140625,30480.5234375,16493186997,-0.006861189753050945,-0.002240147837737516,-0.0047815994828226405,0.02618280743799839,0.02542364778519707,79.5802578133658,0.03151193560573104,0.016160617712962812,0.8468167530426947,0.29091990568097387,0.013776598074988877
2023-06-27,30688.1640625,31006.787109375,30236.650390625,30274.3203125,16428827944,0.013776598074988877,-0.006861189753050945,-0.002240147837737516,-0.0047815994828226405,0.025294846336747646,80.63152893031601,0.03321903425507237,0.01429417308984331,0.8538321642829085,0.30330585597584525,-0.01961401038928634
2023-06-28,30086.24609375,30703.279296875,29921.822265625,30696.560546875,14571500779,-0.01961401038928634,0.013776598074988877,-0.006861189753050945,-0.002240147837737516,0.026821239040989268,82.67183450302446,0.03360798321623151,0.011746497640801962,0.7556138998993807,0.307641619503124,0.011935868224670187
2023-06-29,30445.3515625,30796.25,30057.203125,30086.1875,13180860821,0.011935868224670187,-0.01961401038928634,0.013776598074988877,-0.006861189753050945,0.0267452864345141,82.45787088128851,0.03356059931549591,0.009359290992053088,0.768682207795241,0.3119252162903433,0.0010477918298796851
2023-06-30,30477.251953125,31256.86328125,29600.275390625,30441.353515625,26387306197,0.0010477918298796851,0.011935868224670187,-0.01961401038928634,0.013776598074988877,0.022415400284473218,80.59748779091268,0.03350007846065351,0.007439016109768548,0.7464573913849205,0.3087103069780934,0.0037019798257575953
2023-07-01,30590.078125,30641.2890625,30328.865234375,30471.84765625,9086606733,0.0037019798257575953,0.0010477918298796851,0.011935868224670187,-0.01961401038928634,0.012778554419957023,80.39398527226405,0.03327056394824729,0.005767601277889861,0.7348671647816583,0.3034634547970221,0.0010033124506771962
2023-07-02,30620.76953125,30766.140625,30264.01953125,30587.26953125,10533418042,0.0010033124506771962,0.0037019798257575953,0.0010477918298796851,0.011935868224670187,0.012626895414781627,82.62137698131221,0.032855470819593106,0.0042820065193885405,0.7159347010315514,0.29435534490070747,0.01749367929268808
2023-07-03,31156.439453125,31375.61328125,30586.513671875,30624.515625,15271884873,0.01749367929268808,0.0010033124506771962,0.0037019798257575953,0.0010477918298796851,0.01100432564115021,82.67638729783766,0.03300017362398199,0.0035413674590219386,0.7543127204577653,0.2847372503142806,-0.012159843310882601
2023-07-04,30777.58203125,31325.197265625,30659.35546875,31156.865234375,12810828427,-0.012159843310882601,0.01749367929268808,0.0010033124506771962,0.0037019798257575953,0.011701034097584374,72.31272189138616,0.03260651934320039,0.00251817054259227,0.6917080507232766,0.256457181472447,-0.0085586975402272
2023-07-05,30514.166015625,30877.330078125,30225.61328125,30778.724609375,12481622280,-0.0085586975402272,-0.012159843310882601,0.01749367929268808,0.0010033124506771962,0.012049362843858224,56.00486021814132,0.031192477593052142,0.0008833030339552121,0.6391695791213959,0.22637268696289584,-0.019821224171432172
2023-07-06,29909.337890625,31460.052734375,29892.2265625,30507.150390625,21129219509,-0.019821224171432172,-0.0085586975402272,-0.012159843310882601,0.01749367929268808,0.013500079081981385,49.96761105410867,0.02849217834312071,-0.0014535969727809787,0.5248559413192906,0.20012503847517404,0.014474667943441766
2023-07-07,30342.265625,30434.64453125,29777.28515625,29907.998046875,13384770155,0.014474667943441766,-0.019821224171432172,-0.0085586975402272,-0.012159843310882601,0.013587186608416638,45.78869514754471,0.02633120342768772,-0.002891657510571178,0.5760131847067964,0.17102399839568322,-0.0016387902600796256
2023-07-08,30292.541015625,30374.4375,30080.16015625,30346.921875,7509378699,-0.0016387902600796256,0.014474667943441766,-0.019821224171432172,-0.0085586975402272,0.011948525842413965,46.873469823671236,0.024566096936680742,-0.0037254112012625254,0.5370413927526735,0.12701086014079682,-0.004004505286051452
2023-07-09,30171.234375,30427.58984375,30085.591796875,30291.611328125,7903327692,-0.004004505286051452,-0.0016387902600796256,0.014474667943441766,-0.019821224171432172,0.011337792187889427,46.27618312418214,0.02264057630824434,-0.004520745463759145,0.435154088409593,0.07399517391606734,0.008061862007427312
2023-07-10,30414.470703125,31026.083984375,29985.39453125,30172.423828125,14828209155,0.008061862007427312,-0.004004505286051452,-0.0016387902600796256,0.014474667943441766,0.011679782678563327,51.71318096550668,0.021268230849314094,-0.004714472738151513,0.4946705831924495,0.04059150411370329,0.006788889103658935
2023-07-11,30620.951171875,30788.314453125,30358.09765625,30417.6328125,12151839152,0.006788889103658935,0.008061862007427312,-0.004004505286051452,-0.0016387902600796256,0.011832540195016882,49.1541055365984,0.02049494472726138,-0.004390207088163383,0.6431926220654939,0.039037680123506974,-0.007488490028050299
2023-07-12,30391.646484375,30959.96484375,30228.8359375,30622.24609375,14805659717,-0.007488490028050299,0.006788889103658935,0.008061862007427312,-0.004004505286051452,0.012067978984628717,54.24134763996461,0.0193151635654251,-0.004455990599999734,0.4229566984468347,0.03537508125654776,0.03568093437476372
2023-07-13,31476.048828125,31814.515625,30268.3515625,30387.48828125,23686079548,0.03568093437476372,-0.007488490028050299,0.006788889103658935,0.008061862007427312,0.015880362255452456,61.913998915425296,0.020176009132634346,-0.0028761160262323927,1.1909287548663072,0.04564462598362767,-0.036280934592069825
2023-07-14,30334.068359375,31582.25390625,29966.38671875,31474.720703125,20917902660,-0.036280934592069825,0.03568093437476372,-0.007488490028050299,0.006788889103658935,0.019535200229627132,48.6829217111849,0.01893465180763025,-0.0032939786809891916,0.3794594602068514,0.045944767923956076,-0.001261344778969442
2023-07-15,30295.806640625,30407.78125,30263.462890625,30331.783203125,8011667756,-0.001261344778969442,-0.036280934592069825,0.03568093437476372,-0.007488490028050299,0.01936862352391989,47.255487222196116,0.01707211411904766,-0.0041252130956574255,0.3599558021758419,0.04635803361725113,-0.001540603578530031
2023-07-16,30249.1328125,30437.560546875,30089.669921875,30297.47265625,8516564470,-0.001540603578530031,-0.001261344778969442,-0.036280934592069825,0.03568093437476372,0.01817334693035635,46.54424531248865,0.015300245917881941,-0.004717665037458518,0.3280879679752897,0.046459771356218524,-0.0034131272874816654
2023-07-17,30145.888671875,30336.400390625,29685.783203125,30249.626953125,13240156074,-0.0034131272874816654,-0.001540603578530031,-0.001261344778969442,-0.036280934592069825,0.017601559147779125,39.781360673519096,0.0134908036074759,-0.00522168587829165,0.2774715676677806,0.04715352997676729,-0.009597533349379406
2023-07-18,29856.5625,30233.65625,29556.427734375,30147.0703125,13138897269,-0.009597533349379406,-0.0034131272874816654,-0.001540603578530031,-0.001261344778969442,0.01783665105290472,40.514953226664225,0.011220426696044804,-0.005993650231778197,0.1018885788599749,0.049283357317047465,0.0019212301525000086
2023-07-19,29913.923828125,30184.181640625,29794.26953125,29862.046875,12128602812,0.0019212301525000086,-0.009597533349379406,-0.0034131272874816654,-0.001540603578530031,0.01783545357245497,43.544475990182825,0.00934665045465443,-0.006293941178534858,0.1742924148039902,0.0518224120135297,-0.0040752996439197275
2023-07-20,29792.015625,30195.53125,29638.095703125,29915.25,14655207121,-0.0040752996439197275,0.0019212301525000086,-0.009597533349379406,-0.0034131272874816654,0.017583162920567712,48.59195438671995,0.0074943813506978705,-0.0065169682259931345,0.14099149941830424,0.05510099476762065,0.0039181140710413676
2023-07-21,29908.744140625,30045.998046875,29733.8515625,29805.111328125,10972789818,0.0039181140710413676,-0.0040752996439197275,0.0019212301525000086,-0.009597533349379406,0.01744797091481786,44.36976230855903,0.006216003382474592,-0.006236276955373131,0.23775157689612483,0.056575686298967906,-0.004578641136054662
2023-07-22,29771.802734375,29991.615234375,29664.12109375,29908.697265625,7873300598,-0.004578641136054662,0.0039181140710413676,-0.0040752996439197275,0.0019212301525000086,0.01737433627154032,43.386873060346545,0.0048233402455402806,-0.006103152073845955,0.1930982178166286,0.05856766413928298,0.010504447141318263
2023-07-23,30084.5390625,30330.640625,29741.52734375,29790.111328125,9220145050,0.010504447141318263,-0.004578641136054662,0.0039181140710413676,-0.0040752996439197275,0.012444642438169241,48.950060458805694,0.004446112255234791,-0.005184304051321157,0.3882878401259278,0.052827572971908286,-0.03016908602087709
2023-07-24,29176.916015625,30093.39453125,28934.294921875,30081.662109375,15395817395,-0.03016908602087709,0.010504447141318263,-0.004578641136054662,0.0039181140710413676,0.010740535499869919,37.089904572204915,0.001786422659967104,-0.0062751949172710755,-0.06083379019899152,0.05944025852009442,0.0017299501204297574
2023-07-25,29227.390625,29353.16015625,29062.43359375,29178.970703125,10266772793,0.0017299501204297574,-0.03016908602087709,0.010504447141318263,-0.004578641136054662,0.010860976615861119,34.97336073428254,-0.0002875993530119077,-0.006679373544200069,0.044286336289835096,0.06494274328959107,0.004365152978824893
2023-07-26,29354.97265625,29675.552734375,29113.912109375,29225.759765625,13497554655,0.004365152978824893,0.0017299501204297574,-0.03016908602087709,0.010504447141318263,0.011138202093683203,38.57091486168442,-0.0015518593644719186,-0.006354906844528065,0.14367678084726843,0.0686498727427406,-0.004915119656712763
2023-07-27,29210.689453125,29560.966796875,29099.3515625,29353.798828125,10770779217,-0.004915119656712763,0.004365152978824893,0.0017299501204297574,-0.03016908602087709,0.01115541287258639,18.494010987100594,-0.0029321720669094674,-0.006188175637572491,0.12450293235449662,0.07304384355936867,0.0037163327075591113
2023-07-28,29319.24609375,29521.513671875,29125.845703125,29212.1640625,11218474952,0.0037163327075591113,-0.004915119656712763,0.004365152978824893,0.0017299501204297574,0.011086692919453238,30.192415166008303,-0.0036641163740531524,-0.005536095955772941,0.20621458965150052,0.07566430214566178,0.001284885528077373
2023-07-29,29356.91796875,29396.84375,29264.166015625,29319.4453125,6481775959,0.001284885528077373,0.0037163327075591113,-0.004915119656712763,0.004365152978824893,0.01106503196687519,31.67028778553012,-0.004096564961470834,-0.004774835634552498,0.24745015444636165,0.0777730738253853,-0.002779902682116475
2023-07-30,29275.30859375,29443.169921875,29059.501953125,29357.09375,8678454527,-0.002779902682116475,0.001284885528077373,0.0037163327075591113,-0.004915119656712763,0.011043281587967671,31.244094085358142,-0.00462699852770156,-0.004244215360626579,0.24014082888121582,0.07890348256757437,-0.0015438698273756435
2023-07-31,29230.111328125,29489.873046875,29131.578125,29278.314453125,11656781982,-0.0015438698273756435,-0.002779902682116475,0.001284885528077373,0.0037163327075591113,0.0108686482124069,31.958681171197796,-0.005111953816850853,-0.003783336519820698,0.24658235098297232,0.0778761228975521,0.015245275282999904
2023-08-01,29675.732421875,29675.732421875,28657.0234375,29230.873046875,18272392391,0.015245275282999904,-0.0015438698273756435,-0.002779902682116475,0.001284885528077373,0.01212920429056339,46.64420407994613,-0.004148648650979468,-0.0022560250831594503,0.45264690875263724,0.0759114715458748,-0.01764989082843693
2023-08-02,29151.958984375,29987.998046875,28946.509765625,29704.146484375,19212655598,-0.01764989082843693,0.015245275282999904,-0.0015438698273756435,-0.002779902682116475,0.01261190363114559,37.946291190286985,-0.004901261413446817,-0.0024069102765014398,0.1927110752674631,0.05645188592930054,0.0009166006009861949
2023-08-03,29178.6796875,29375.70703125,28959.48828125,29161.8125,12780357746,0.0009166006009861949,-0.01764989082843693,0.015245275282999904,-0.0015438698273756435,0.008276759406461208,39.996215466128426,-0.005298685199251439,-0.002243467249844849,0.23188638176205745,0.05418351561684018,-0.0035843942133476636
2023-08-04,29074.091796875,29302.078125,28885.3359375,29174.3828125,12036639988,-0.0035843942133476636,0.0009166006009861949,-0.01764989082843693,0.015245275282999904,0.008326439042909462,36.33231627359546,-0.005860129370251257,-0.002243929136675733,0.1913147987261115,0.051928756302430906,-0.0010994270766331304
2023-08-05,29042.126953125,29102.46484375,28957.796875,29075.388671875,6598366353,-0.0010994270766331304,-0.0035843942133476636,0.0009166006009861949,-0.01764989082843693,0.008149505143648468,37.62591233864739,-0.006312935625477448,-0.002157388313521539,0.19230254973924518,0.04907357929591395,-9.347950838400898e-06
2023-08-06,29041.85546875,29160.822265625,28963.833984375,29043.701171875,7269806994,-9.347950838400898e-06,-0.0010994270766331304,-0.0035843942133476636,0.0009166006009861949,0.008037262313101631,30.22176941315945,-0.006591510075607648,-0.0019487702109213913,0.2126103192863713,0.04614572505227511,0.004776645775930843
2023-08-07,29180.578125,29244.28125,28724.140625,29038.513671875,13618163710,0.004776645775930843,-9.347950838400898e-06,-0.0010994270766331304,-0.0035843942133476636,0.00810650079506979,50.09807275272173,-0.00632335585263954,-0.001344492790362627,0.334265789822413,0.044701923046377455,0.020044635853149417
2023-08-08,29765.4921875,30176.796875,29113.814453125,29180.01953125,17570561357,0.020044635853149417,0.004776645775930843,-9.347950838400898e-06,-0.0010994270766331304,0.010397934511169495,61.20355640572695,-0.004378975916335117,0.0004799097167534367,0.7946462000373645,0.043249022588995725,-0.006853508270246889
2023-08-09,29561.494140625,30093.435546875,29376.80078125,29766.6953125,18379521213,-0.006853508270246889,0.020044635853149417,0.004776645775930843,-9.347950838400898e-06,0.010657811332421616,54.16728082157769,-0.003473576899504564,0.001108246986867192,0.6485253378767349,0.041722919304429035,-0.004461964714047806
2023-08-10,29429.591796875,29688.564453125,29354.447265625,29563.97265625,11865344789,-0.004461964714047806,-0.006853508270246889,0.020044635853149417,0.004776645775930843,0.010775241138091434,54.439288243598014,-0.0030705994612271457,0.0012089795401156885,0.5660524275833317,0.0382243310482981,-0.001083159880198692
2023-08-11,29397.71484375,29517.7734375,29253.517578125,29424.90234375,10195168197,-0.001083159880198692,-0.004461964714047806,-0.006853508270246889,0.020044635853149417,0.009492484528745791,51.642408276795834,-0.0027971219588598644,0.0011859656339863762,0.5578786887969334,0.03589244629023214,0.0006207965516027425
2023-08-12,29415.96484375,29465.11328125,29357.587890625,29399.787109375,6194358008,0.0006207965516027425,-0.001083159880198692,-0.004461964714047806,-0.006853508270246889,0.007448724463843449,51.2460247721199,-0.0024973017494040375,0.001188628674753763,0.6425342814168742,0.02696442533951366,-0.004523080645381872
2023-08-13,29282.9140625,29441.43359375,29265.806640625,29416.59375,7329897180,-0.004523080645381872,0.0006207965516027425,-0.001083159880198692,-0.004461964714047806,0.007645567524569648,50.15708250906028,-0.002607911558573927,0.0008624150924670987,0.4670795493066694,0.026664705032077785,0.004286776125049352
2023-08-14,29408.443359375,29660.25390625,29124.10546875,29283.263671875,14013695304,0.004286776125049352,-0.004523080645381872,0.0006207965516027425,-0.001083159880198692,0.007596786301129346,53.56495284263857,-0.002304119625096957,0.0009329656207552549,0.6159833612345145,0.026688055114377548,-0.008096168172366025
2023-08-15,29170.34765625,29439.12109375,29088.853515625,29408.048828125,12640195779,-0.008096168172366025,0.004286776125049352,-0.004523080645381872,0.0006207965516027425,0.008132338100533374,38.982997446253385,-0.0027164104236420627,0.0004165398577681196,0.325697199963404,0.02703612741694034,-0.016063173634291772
2023-08-16,28701.779296875,29221.9765625,28701.779296875,29169.07421875,14949271904,-0.016063173634291772,-0.008096168172366025,0.004286776125049352,-0.004523080645381872,0.009675645527307725,39.944402175051124,-0.00434492542119816,-0.000969580111830382,-0.10635446983183156,0.03273495338194365,-0.07097917151940503
2023-08-17,26664.55078125,28745.947265625,25409.111328125,28699.802734375,31120851211,-0.07097917151940503,-0.016063173634291772,-0.008096168172366025,0.004286776125049352,0.02383250826893601,20.414779716364478,-0.012054330787272591,-0.00694318838232385,-0.48296989339939456,0.08675036367523588,-0.02306411031148714
2023-08-18,26049.556640625,26808.1953125,25668.921875,26636.078125,24026236529,-0.02306411031148714,-0.07097917151940503,-0.016063173634291772,-0.008096168172366025,0.02187134584558262,18.22544849876641,-0.019998118928172468,-0.01190958121857898,-0.2846556917584208,0.12906542678539484,0.0017907574452629138
2023-08-19,26096.205078125,26249.44921875,25802.408203125,26047.83203125,10631443812,0.0017907574452629138,-0.02306411031148714,-0.07097917151940503,-0.016063173634291772,0.022308671677312215,19.146517182325994,-0.025582355185720114,-0.0139950539809013,-0.10253139002808664,0.15716655177258898,0.00357825614760654
2023-08-20,26189.583984375,26260.681640625,26004.314453125,26096.861328125,9036580420,0.00357825614760654,0.0017907574452629138,-0.02306411031148714,-0.07097917151940503,0.022757210600872494,20.698800353934715,-0.02930363889861802,-0.014173070155039364,0.011381176215038102,0.17731895564070552,-0.002498831574187843
2023-08-21,26124.140625,26220.201171875,25846.087890625,26188.69140625,13371557893,-0.002498831574187843,0.00357825614760654,0.0017907574452629138,-0.02306411031148714,0.022690529923379738,18.121456968644083,-0.03223658458483319,-0.013684812673003623,0.06653451235052954,0.19204802568893845,-0.0035401882238949023
2023-08-22,26031.65625,26135.5078125,25520.728515625,26130.748046875,14503820706,-0.0035401882238949023,-0.002498831574187843,0.00357825614760654,0.0017907574452629138,0.022480851518729146,6.597930748267075,-0.03451418930293389,-0.012769933912883457,0.1057637341757263,0.20663435895978896,0.015365306423789304
2023-08-23,26431.640625,26786.8984375,25804.998046875,26040.474609375,16985265785,0.015365306423789304,-0.0035401882238949023,-0.002498831574187843,0.00357825614760654,0.024033205436592802,15.204020346664564,-0.03406641920698854,-0.009857731053550485,0.2066120954018071,0.21407504715777328,-0.01018731988472621
2023-08-24,26162.373046875,26554.91015625,25914.92578125,26431.51953125,12871532023,-0.01018731988472621,0.015365306423789304,-0.0035401882238949023,-0.002498831574187843,0.02351260706240553,14.753406843100223,-0.034904837475237,-0.008556919457439152,0.19640757209286983,0.22247291057256133,-0.004384352975912553
2023-08-25,26047.66796875,26248.103515625,25786.8125,26163.6796875,12406045118,-0.004384352975912553,-0.01018731988472621,0.015365306423789304,-0.0035401882238949023,0.023599161410549803,14.494379045352659,-0.03539417124294034,-0.007237002580113991,0.2101151929218873,0.22991432334393555,-0.0015051281432193475
2023-08-26,26008.462890625,26107.384765625,25983.87890625,26047.234375,6034817316,-0.0015051281432193475,-0.004384352975912553,-0.01018731988472621,0.015365306423789304,0.023700813326797122,14.045145508015779,-0.03542716232979946,-0.005815994933578487,0.23268211234842695,0.23552843666032708,0.0031232321991347956
2023-08-27,26089.693359375,26165.373046875,25965.09765625,26008.2421875,6913768611,0.0031232321991347956,-0.0015051281432193475,-0.004384352975912553,-0.01018731988472621,0.009957650830183754,15.933627907383794,-0.03465011378703194,-0.004031157112648776,0.2693596587634412,0.2374752906524097,0.0006307866874213364
2023-08-28,26106.150390625,26198.578125,25880.599609375,26089.615234375,11002805166,0.0006307866874213364,0.0031232321991347956,-0.0015051281432193475,-0.004384352975912553,0.00671432546342068,13.930585575937656,-0.03366130924372618,-0.002433882055474408,0.29337393525683786,0.23164326248475994,0.062101924766441385
2023-08-29,27727.392578125,28089.337890625,25912.62890625,26102.486328125,29368391712,0.062101924766441385,0.0006307866874213364,0.0031232321991347956,-0.0015051281432193475,0.020727920482414328,37.89637375984985,-0.025954301869596172,0.004218500254924481,0.566389375882066,0.22081312312997944,-0.015512708305083889
2023-08-30,27297.265625,27760.16015625,27069.20703125,27726.083984375,16343655235,-0.015512708305083889,0.062101924766441385,0.0006307866874213364,0.0031232321991347956,0.021851906347775864,38.14235355923473,-0.02275274979753161,0.005936041861591235,0.5135233406680766,0.20942357148323332,-0.0500340578984273
2023-08-31,25931.47265625,27456.078125,25752.9296875,27301.9296875,20181001451,-0.0500340578984273,-0.015512708305083889,0.062101924766441385,0.0006307866874213364,0.02785516765769059,43.01958123736281,-0.024901973625583176,0.0030294544268317375,0.2942765971481042,0.20045934727744805,-0.005042060225742162
2023-09-01,25800.724609375,26125.869140625,25362.609375,25934.021484375,17202862221,-0.005042060225742162,-0.0500340578984273,-0.015512708305083889,0.062101924766441385,0.027878053766297317,47.38990017856572,-0.025895944526547258,0.0016283868206941297,0.2887205540318357,0.18769003051741678,0.0026384615075991658
2023-09-02,25868.798828125,25970.28515625,25753.09375,25800.91015625,10100387473,0.0026384615075991658,-0.005042060225742162,-0.0500340578984273,-0.015512708305083889,0.027356670050751812,47.62531776100457,-0.026001636726753742,0.0012181556963901177,0.3189952584717517,0.17106739649397548,0.0038953327054152
2023-09-03,25969.56640625,26087.1484375,25817.03125,25869.47265625,8962524523,0.0038953327054152,0.0026384615075991658,-0.005042060225742162,-0.0500340578984273,0.027240138661187303,47.70601361701227,-0.025431715741262684,0.001430461345504945,0.3550522980539054,0.14407156640345917,-0.006051329012069284
2023-09-04,25812.416015625,26081.525390625,25657.025390625,25968.169921875,10680635106,-0.006051329012069284,0.0038953327054152,0.0026384615075991658,-0.005042060225742162,0.027272251730109758,46.81082938857396,-0.02541091971743236,0.0011610058954682166,0.3153622740048309,0.11161389789191253,-0.0012565113521479931
2023-09-05,25779.982421875,25858.375,25589.98828125,25814.95703125,11094740040,-0.0012565113521479931,-0.006051329012069284,0.0038953327054152,0.0026384615075991658,0.02727142347251553,47.3931618571413,-0.02511552826571743,0.0011651178777465215,0.2835532691391493,0.075707063899672,-0.0010374752516241204
2023-09-06,25753.236328125,25953.015625,25404.359375,25783.931640625,12752705327,-0.0010374752516241204,-0.0012565113521479931,-0.006051329012069284,0.0038953327054152,0.027240865802015023,42.38423519165978,-0.024681199907139885,0.0012795569890592523,0.2921359447816791,0.07550986575713867,0.018908652030005024
2023-09-07,26240.1953125,26409.302734375,25608.201171875,25748.3125,11088307100,0.018908652030005024,-0.0010374752516241204,-0.0012565113521479931,-0.006051329012069284,0.02796357724606455,50.83292256840751,-0.022112706916189166,0.003078439984007978,0.5338268803629592,0.0754084730205665,-0.012749181613965876
2023-09-08,25905.654296875,26414.005859375,25677.48046875,26245.208984375,10817356400,-0.012749181613965876,0.018908652030005024,-0.0010374752516241204,-0.0012565113521479931,0.017988192620889135,48.54835521784355,-0.021498326482923283,0.0029542563338190893,0.37004938908059004,0.07595536886097912,-0.0003851113886439439
2023-09-09,25895.677734375,25921.9765625,25810.494140625,25905.42578125,5481314132,-0.0003851113886439439,-0.012749181613965876,0.018908652030005024,-0.0010374752516241204,0.017792659208725334,48.84019490092268,-0.020586899498224735,0.0030925466548141108,0.3733250558388045,0.07653872549951458,-0.0024502611024840304
2023-09-10,25832.2265625,25978.130859375,25640.26171875,25895.2109375,7899553047,-0.0024502611024840304,-0.0003851113886439439,-0.012749181613965876,0.018908652030005024,0.008244973849223196,47.34267146756911,-0.019875884425442206,0.003042849382077311,0.3504102799447044,0.07734710317888661,-0.02592003689674205
2023-09-11,25162.654296875,25883.947265625,24930.296875,25831.71484375,14600006467,-0.02592003689674205,-0.0024502611024840304,-0.0003851113886439439,-0.012749181613965876,0.011546599300733129,41.418990308949745,-0.021682401258026656,0.00098906603959429,0.07799535106204562,0.08432864537781874,0.026654161568650414
2023-09-12,25833.34375,26451.939453125,25133.078125,25160.658203125,18657279324,0.026654161568650414,-0.02592003689674205,-0.0024502611024840304,-0.0003851113886439439,0.014768417928831077,29.17267841855883,-0.01978274563294455,0.0023109773317411195,0.3958060395014103,0.08392941653042994,0.01528956036711282
2023-09-13,26228.32421875,26376.11328125,25781.123046875,25837.5546875,13072077070,0.01528956036711282,0.026654161568650414,-0.02592003689674205,-0.0024502611024840304,0.015525829629860304,38.15415370177015,-0.017029942460922046,0.004051024403010899,0.5747621587708656,0.08404772840278417,0.011870739692642074
2023-09-14,26539.673828125,26774.623046875,26171.451171875,26228.27734375,13811359124,0.011870739692642074,0.01528956036711282,0.026654161568650414,-0.02592003689674205,0.015642537800230585,58.79554335109583,-0.013801732846687642,0.005823387213796242,0.7019131372072666,0.08552588338153459,0.0026006171627044328
2023-09-15,26608.693359375,26840.498046875,26240.701171875,26533.818359375,11479735788,0.0026006171627044328,0.011870739692642074,0.01528956036711282,0.026654161568650414,0.015576279736038895,61.896901191990814,-0.011035595892802019,0.0068716193341454915,0.7149789807545656,0.0871825729413697,-0.001518755875352329
2023-09-16,26568.28125,26754.76953125,26473.890625,26606.19921875,7402031417,-0.001518755875352329,0.0026006171627044328,0.011870739692642074,0.01528956036711282,0.015591831733098529,60.38408968471522,-0.008905360554093304,0.007201483738283367,0.6839165395395459,0.08843215784373307,-0.0012832501161511578
2023-09-17,26534.1875,26617.998046875,26445.07421875,26567.927734375,6774210670,-0.0012832501161511578,-0.001518755875352329,0.0026006171627044328,0.011870739692642074,0.014612500385157021,58.55130201431221,-0.007233385613868077,0.007098766942806876,0.6581474291676491,0.08934577795630533,0.008294723552398242
2023-09-18,26754.28125,27414.734375,26415.515625,26532.994140625,15615339655,0.008294723552398242,-0.0012832501161511578,-0.001518755875352329,0.0026006171627044328,0.013875400981366961,63.997861286676404,-0.005127815915704355,0.007363469312776479,0.8336834494859982,0.07326343590473511,0.017075246134672373
2023-09-19,27211.1171875,27488.763671875,26681.60546875,26760.8515625,13807690550,0.017075246134672373,0.008294723552398242,-0.0012832501161511578,-0.001518755875352329,0.014444912895426874,68.88678102406145,-0.0020688828214764955,0.008337921925603472,1.0881453510016532,0.07160025672525212,-0.00290724465500225
2023-09-20,27132.0078125,27379.505859375,26864.08203125,27210.228515625,13281116604,-0.00290724465500225,0.017075246134672373,0.008294723552398242,-0.0012832501161511578,0.014472014464632945,67.94768729326998,5.208021350200502e-05,0.008367107968465579,0.9640183850049346,0.07908837527618248,-0.02080107760178318
2023-09-21,26567.6328125,27152.939453125,26389.30078125,27129.83984375,13371443708,-0.02080107760178318,-0.00290724465500225,0.017075246134672373,0.008294723552398242,0.013299205934920313,54.17809748628302,5.9835452327747576e-05,0.006699890565833057,0.6730009843969984,0.0788947025357633,0.0004492514240630463
2023-09-22,26579.568359375,26726.078125,26495.533203125,26564.056640625,10578746709,0.0004492514240630463,-0.02080107760178318,-0.00290724465500225,0.017075246134672373,0.011068481217798343,59.370603846183094,0.00010015554536332657,0.0053921685270949095,0.6616654377561076,0.07874944770962287,-6.686879658768241e-06
2023-09-23,26579.390625,26634.185546875,26520.51953125,26578.556640625,7404700301,-6.686879658768241e-06,0.0004492514240630463,-0.02080107760178318,-0.00290724465500225,0.010189129061169007,59.53283106791041,0.00013009248300527824,0.0043376843717894895,0.6465837537263899,0.07878842148011939,-0.01213588594546644
2023-09-24,26256.826171875,26716.05859375,26221.05078125,26579.373046875,8192867686,-0.01213588594546644,-6.686879658768241e-06,0.0004492514240630463,-0.02080107760178318,0.010269858659408368,55.521151270325745,-0.0008260656112469211,0.0027052210220298322,0.47958515568337373,0.07696720344957014,0.0015864178176880905
2023-09-25,26298.48046875,26421.5078125,26011.46875,26253.775390625,11997833257,0.0015864178176880905,-0.01213588594546644,-6.686879658768241e-06,0.0004492514240630463,0.010235043020451515,67.65190289530508,-0.0014381971774171127,0.0016744715646877127,0.48697314213165294,0.07463020823208297,-0.0030887894396227633
2023-09-26,26217.25,26389.884765625,26090.712890625,26294.7578125,9985498161,-0.0030887894396227633,0.0015864178176880905,-0.01213588594546644,-6.686879658768241e-06,0.010253783773774668,57.30461927236241,-0.0021554798124215346,0.0007657511437466329,0.4313349753224302,0.07187039964573157,0.005167086436411061
2023-09-27,26352.716796875,26817.841796875,26111.46484375,26209.498046875,11718380997,0.005167086436411061,-0.0030887894396227633,0.0015864178176880905,-0.01213588594546644,0.010454596418873516,52.6261794076922,-0.002265503024127592,0.0005245823456324602,0.49990342331753196,0.07175314854471931,0.02537992888096885
2023-09-28,27021.546875,27259.5,26327.322265625,26355.8125,14079002707,0.02537992888096885,0.005167086436411061,-0.0030887894396227633,0.0015864178176880905,0.013130081511615035,58.83911611346731,-0.00030228530195137526,0.001990240054246942,0.8172747946876898,0.07314315684822961,-0.004064392478456136
2023-09-29,26911.720703125,27225.9375,26721.763671875,27024.841796875,10396435377,-0.004064392478456136,0.02537992888096885,0.005167086436411061,-0.0030887894396227633,0.011912524493315065,55.47651891772831,0.0008746896278132622,0.0025337719872092638,0.7357664147058323,0.07249208460456251,0.0020881352448591795
2023-09-30,26967.916015625,27091.794921875,26888.96875,26911.689453125,5331172801,0.0020881352448591795,-0.004064392478456136,0.02537992888096885,0.005167086436411061,0.011930347747480877,57.181505043932155,0.0019503218769676162,0.0028875233890908944,0.7410255764128287,0.07066627374719539,0.037668241913332734
2023-10-01,27983.75,28047.23828125,26965.09375,26967.396484375,9503917434,0.037668241913332734,0.0020881352448591795,-0.004064392478456136,0.02537992888096885,0.014865303807347996,69.25495295329992,0.005567415079813236,0.005203693273549212,1.2144795054611737,0.06964224531401574,-0.016186709920936293
2023-10-02,27530.78515625,28494.458984375,27347.787109375,27976.798828125,19793041322,-0.016186709920936293,0.037668241913332734,0.0020881352448591795,-0.004064392478456136,0.016327933892173022,59.713584016137105,0.007218945944389219,0.005484179310500156,0.9279253688448105,0.06890951106505908,-0.003661597010505724
2023-10-03,27429.978515625,27667.19140625,27216.001953125,27508.251953125,11407814187,-0.003661597010505724,-0.016186709920936293,0.037668241913332734,0.0020881352448591795,0.016459031134933872,53.005535418578816,0.008096398685446605,0.0050893056412460325,0.8349853343423977,0.06991112983180656,0.013467601347721292
2023-10-04,27799.39453125,27826.658203125,27248.10546875,27429.07421875,11143355314,0.013467601347721292,-0.003661597010505724,-0.016186709920936293,0.037668241913332734,0.015772425805495843,58.48816631839803,0.009615648236618283,0.005286844153934169,0.9545393191323298,0.07649606482928303,-0.01379463216164356
2023-10-05,27415.912109375,28091.861328125,27375.6015625,27798.646484375,11877253670,-0.01379463216164356,0.013467601347721292,-0.003661597010505724,-0.016186709920936293,0.016939622520568087,61.30923025085447,0.009815634228116423,0.004389464116345847,0.743379182291194,0.07792512340808624,0.01935684447622399
2023-10-06,27946.59765625,28252.537109375,27215.552734375,27412.123046875,13492391599,0.01935684447622399,-0.01379463216164356,0.013467601347721292,-0.003661597010505724,0.017334627539490593,66.0106130624207,0.011084653889001202,0.0045267870217845,0.9290631506131597,0.08398674119419147,0.0007958817661306572
2023-10-07,27968.83984375,28028.091796875,27870.423828125,27946.78125,6553044316,0.0007958817661306572,0.01935684447622399,-0.01379463216164356,0.013467601347721292,0.017428013830935292,66.1895212494322,0.012152429888046079,0.004475650416663502,0.8859060407015751,0.08838990818471411,-0.001206700034343422
2023-10-08,27935.08984375,28102.169921875,27740.662109375,27971.677734375,7916875290,-0.001206700034343422,0.0007958817661306572,0.01935684447622399,-0.01379463216164356,0.016141287550022466,70.96579627087561,0.012776580208963535,0.004079840590064766,0.8319111645909516,0.09223122369126413,-0.012579594744121514
2023-10-09,27583.677734375,27989.470703125,27302.5625,27934.47265625,12007668568,-0.012579594744121514,-0.001206700034343422,0.0007958817661306572,0.01935684447622399,0.016792980845784785,64.90207295260431,0.012259197078623284,0.002849965967779613,0.6813366648511205,0.09346697886252832,-0.006984500217130485
2023-10-10,27391.01953125,27715.84765625,27301.654296875,27589.201171875,9973350678,-0.006984500217130485,-0.012579594744121514,-0.001206700034343422,0.0007958817661306572,0.017066249679563203,63.26721910504277,0.011107015049018825,0.001358227150540122,0.5997919275536437,0.09383704299245296,-0.018900326735168282
2023-10-11,26873.3203125,27474.115234375,26561.099609375,27392.076171875,13648094333,-0.018900326735168282,-0.006984500217130485,-0.012579594744121514,-0.001206700034343422,0.012607557549191146,55.41640537907664,0.008666252834372072,-0.0008660280512853055,0.3885955630251746,0.09219184637200024,-0.0043359541366684295
2023-10-12,26756.798828125,26921.439453125,26558.3203125,26873.29296875,9392909295,-0.0043359541366684295,-0.018900326735168282,-0.006984500217130485,-0.012579594744121514,0.011866767756565125,46.88787573084445,0.006168431420317907,-0.002691079572271577,0.3365944834524349,0.09108327514975856,0.003945769916393171
2023-10-13,26862.375,27092.697265625,26686.322265625,26752.87890625,15165312851,0.003945769916393171,-0.0043359541366684295,-0.018900326735168282,-0.006984500217130485,0.012046754041664116,49.419359049610385,0.004408950419237904,-0.0035604484586812648,0.37128959010865625,0.08943649332394131,-2.4866332556272575e-05
2023-10-14,26861.70703125,26969.0,26814.5859375,26866.203125,5388116782,-2.4866332556272575e-05,0.003945769916393171,-0.0043359541366684295,-0.018900326735168282,0.010811169872624964,48.733712962518794,0.0029972803421145482,-0.0039776948286436966,0.3501837681918887,0.0843356827593623,0.011091823470242623
2023-10-15,27159.65234375,27289.169921875,26817.89453125,26858.01171875,7098201980,0.011091823470242623,-2.4866332556272575e-05,0.003945769916393171,-0.0043359541366684295,0.011008128887881725,38.14530485091233,0.002711767464122125,-0.0034105661653088958,0.4583100526158212,0.07821389674944144,0.05006744695824206
2023-10-16,28519.466796875,29448.138671875,27130.47265625,27162.62890625,27833876539,0.05006744695824206,0.011091823470242623,-2.4866332556272575e-05,0.003945769916393171,0.018805035177028584,61.279424367326804,0.006168096392005567,3.661021005963664e-05,1.0284745806680067,0.07992916046175344,-0.0036367703063566736
2023-10-17,28415.748046875,28618.751953125,28110.185546875,28522.09765625,14872527508,-0.0036367703063566736,0.05006744695824206,0.011091823470242623,-2.4866332556272575e-05,0.01889350116940467,61.23873374359029,0.008648395800894847,0.002013527695159132,0.9388520998640522,0.0787286556248129,-0.0030759792019486865
2023-10-18,28328.341796875,28889.009765625,28174.251953125,28413.53125,12724128586,-0.0030759792019486865,-0.0036367703063566736,0.05006744695824206,0.011091823470242623,0.01893513563440426,56.44494874664034,0.010261641405109231,0.0029014186394988126,0.8538884859942742,0.08172155544877559,0.013818840741083749
2023-10-19,28719.806640625,28892.474609375,28177.98828125,28332.416015625,14448058195,0.013818840741083749,-0.0030759792019486865,-0.0036367703063566736,0.05006744695824206,0.018582224251888085,65.85643573763016,0.012319843640457635,0.0039676966998777735,0.9560805727730606,0.08710032887991992,0.033535830870205396
2023-10-20,29682.94921875,30104.0859375,28601.669921875,28732.8125,21536125230,0.033535830870205396,0.013818840741083749,-0.0030759792019486865,-0.0036367703063566736,0.02021902142539968,69.10589897951377,0.016038928013314826,0.006149424858187971,1.1528167908277953,0.10621281668109882,0.007932597562652743
2023-10-21,29918.412109375,30287.482421875,29481.751953125,29683.380859375,11541146996,0.007932597562652743,0.033535830870205396,0.013818840741083749,-0.0030759792019486865,0.01785844179512921,70.4905803530556,0.019560787331018556,0.007737027340713361,1.0854656154986535,0.12652689577576764,0.002523007395046406
2023-10-22,29993.896484375,30199.43359375,29720.3125,29918.654296875,10446520040,0.002523007395046406,0.007932597562652743,0.033535830870205396,0.013818840741083749,0.0173308120506645,71.45048482443556,0.022340960396549057,0.00841376032499509,1.00504241472675,0.14265573786983016,0.10309890521346299
2023-10-23,33086.234375,34370.4375,30097.828125,30140.685546875,38363572311,0.10309890521346299,0.002523007395046406,0.007932597562652743,0.033535830870205396,0.033383324989977155,86.48958444773884,0.029487422715727393,0.01244817811533874,1.300853775369978,0.21319728198871424,0.02464145540134477
2023-10-24,33901.52734375,35150.43359375,32880.76171875,33077.3046875,44934999645,0.02464145540134477,0.10309890521346299,0.002523007395046406,0.007932597562652743,0.032513401530625256,89.88042739096166,0.03742977846603225,0.01631242709251488,1.1811967213844023,0.27418818529498756,0.017736456610143003
2023-10-25,34502.8203125,35133.7578125,33709.109375,33916.04296875,25254318008,0.017736456610143003,0.02464145540134477,0.10309890521346299,0.002523007395046406,0.032287409186886766,96.26110073429341,0.04440868605312549,0.018633067743686497,1.0957671405524696,0.3239965499238769,-0.010033147199696724
2023-10-26,34156.6484375,34832.91015625,33762.32421875,34504.2890625,19427195376,-0.010033147199696724,0.017736456610143003,0.02464145540134477,0.10309890521346299,0.03262524827253488,93.65291585697204,0.04957853588961324,0.019042334064139393,0.9729602615126367,0.35629003690132555,-0.007226928505637331
2023-10-27,33909.80078125,34238.2109375,33416.88671875,34156.5,16418032871,-0.007226928505637331,-0.010033147199696724,0.017736456610143003,0.02464145540134477,0.0329162529577715,90.89233056734807,0.05251437851312573,0.0175825413501215,0.8933838680487329,0.3772298697723133,0.005301518539129857
2023-10-28,34089.57421875,34399.390625,33874.8046875,33907.72265625,10160330825,0.005301518539129857,-0.007226928505637331,-0.010033147199696724,0.017736456610143003,0.03241469008532596,91.08537287238389,0.054069584609371814,0.015310197957094068,0.8622922540568572,0.3935416140731502,0.013168432293093613
2023-10-29,34538.48046875,34743.26171875,33947.56640625,34089.37109375,11160323986,0.013168432293093613,0.005301518539129857,-0.007226928505637331,-0.010033147199696724,0.03242718764277533,91.23578561879656,0.055212261652693766,0.013162300000332812,0.8553733523030025,0.406012922068756,-0.0010457086417764438
2023-10-30,34502.36328125,34843.93359375,34110.97265625,34531.7421875,17184860315,-0.0010457086417764438,0.013168432293093613,0.005301518539129857,-0.007226928505637331,0.032556522468927714,89.24023958858278,0.05600406090259149,0.011163279400184425,0.8161159552781474,0.4105472284064815,0.004794395311462418
2023-10-31,34667.78125,34719.25390625,34083.30859375,34500.078125,15758270810,0.004794395311462418,-0.0010457086417764438,0.013168432293093613,0.005301518539129857,0.03265372570472514,90.6762282322701,0.05605462232876016,0.008971072661082477,0.7977696288088943,0.40599467007972606,0.022195613001625203
2023-11-01,35437.25390625,35527.9296875,34170.69140625,34657.2734375,22446272005,0.022195613001625203,0.004794395311462418,-0.0010457086417764438,0.013168432293093613,0.032390246729230285,92.48090394045377,0.056188258113200905,0.007283766756418571,0.8252191816383214,0.39947114471361,-0.014081557224217889
2023-11-02,34938.2421875,35919.84375,34401.57421875,35441.578125,20998158544,-0.014081557224217889,0.022195613001625203,0.004794395311462418,-0.0010457086417764438,0.013677753892226455,86.68809371977314,0.05627537484617616,0.0058967067915150564,0.7607763872070823,0.38287316048093856,-0.005893770145759425
2023-11-03,34732.32421875,34942.47265625,34133.44140625,34942.47265625,17158456701,-0.005893770145759425,-0.014081557224217889,0.022195613001625203,0.004794395311462418,0.012277633918181452,82.71376668917367,0.05492712934241247,0.0036387690302010917,0.7234907386284628,0.35788052261652026,0.010073356782761111
2023-11-04,35082.1953125,35256.03125,34616.69140625,34736.32421875,9561294264,0.010073356782761111,-0.005893770145759425,-0.014081557224217889,0.022195613001625203,0.01143030405918069,82.96628304506226,0.0532506222802645,0.001569809574442492,0.7345744723454195,0.3307648221016827,-0.0009360829177728069
2023-11-05,35049.35546875,35340.33984375,34594.2421875,35090.01171875,12412743996,-0.0009360829177728069,0.010073356782761111,-0.005893770145759425,-0.014081557224217889,0.01073112982800082,82.45142369550265,0.051733202555628986,4.191187984558392e-05,0.7107675365355215,0.3126232514359487,-0.0003419285416157436
2023-11-06,35037.37109375,35286.02734375,34765.36328125,35044.7890625,12693436420,-0.0003419285416157436,-0.0009360829177728069,0.010073356782761111,-0.005893770145759425,0.010237618435049925,70.71746345655642,0.04990548603361987,-0.0014286437137308247,0.6912320009016111,0.2871120141699867,0.011593090279608864
2023-11-07,35443.5625,35892.41796875,34545.81640625,35047.79296875,18834737789,0.011593090279608864,-0.0003419285416157436,-0.0009360829177728069,0.010073356782761111,0.010560911051088919,67.93140695505713,0.04825629258869396,-0.002462269726925391,0.7194996865732826,0.25433021464085326,0.005973294692089626
2023-11-08,35655.27734375,35994.41796875,35147.80078125,35419.4765625,17295394918,0.005973294692089626,0.011593090279608864,-0.0003419285416157436,-0.0009360829177728069,0.010098239625329953,64.73640413138186,0.047057764489460925,-0.0029286382609267497,0.7350713997891523,0.2181146011343297,0.029107827327892632
2023-11-09,36693.125,37926.2578125,35592.1015625,35633.6328125,37762672382,0.029107827327892632,0.005973294692089626,0.011593090279608864,-0.0003419285416157436,0.012815101868419393,77.55893013267237,0.0467676581136153,-0.002574995709417903,0.8655413277585035,0.193703103876527,0.01691989303173269
2023-11-10,37313.96875,37493.80078125,36362.75390625,36702.25,22711265155,0.01691989303173269,0.029107827327892632,0.005973294692089626,0.011593090279608864,0.013229196704137323,84.2064854655202,0.04759465208136701,-0.001398401393332957,0.9615434489584254,0.16747965914983912,-0.0047145338500075296
2023-11-11,37138.05078125,37407.09375,36773.66796875,37310.0703125,13924272142,-0.0047145338500075296,0.01691989303173269,0.029107827327892632,0.005973294692089626,0.012621949987944516,80.65610450910793,0.04816081233529257,-0.0006657929115259226,0.996922604819147,0.12330939879894559,-0.002249209321512735
2023-11-12,37054.51953125,37227.69140625,36779.1171875,37133.9921875,11545715999,-0.002249209321512735,-0.0047145338500075296,0.01691989303173269,0.029107827327892632,0.011124104004398155,77.30859570426776,0.04780701367907811,-0.000815673254192309,0.9333462281012901,0.12211521734250842,-0.014901395821212304
2023-11-13,36502.35546875,37405.1171875,36399.60546875,37070.3046875,19057712790,-0.014901395821212304,-0.002249209321512735,-0.0047145338500075296,0.01691989303173269,0.012472907659841916,69.52077827206887,0.04640270105453567,-0.001775988702987799,0.7764201300972622,0.12086525116465464,-0.026428838121854925
2023-11-14,35537.640625,36753.3515625,34948.5,36491.7890625,23857403554,-0.026428838121854925,-0.014901395821212304,-0.002249209321512735,-0.0047145338500075296,0.01575076868696593,57.34427501157623,0.04324160831905575,-0.003949665150774183,0.5389469327772793,0.11878135571306916,0.06592844558740318
2023-11-15,37880.58203125,37964.89453125,35383.78125,35548.11328125,27365821679,0.06592844558740318,-0.026428838121854925,-0.014901395821212304,-0.002249209321512735,0.025698813530909522,66.2986503346282,0.04178941136824792,-0.004321489681265618,1.0049823815687904,0.12921734842059973,-0.04555929205565723
2023-11-16,36154.76953125,37934.625,35545.47265625,37879.98046875,26007385366,-0.04555929205565723,0.06592844558740318,-0.026428838121854925,-0.014901395821212304,0.030815631858757988,56.97366706271242,0.04048075820425369,-0.0045041142762078795,0.6109295467512204,0.12188888917290605,0.012222842746045792
2023-11-17,36596.68359375,36704.484375,35901.234375,36164.82421875,22445028430,0.012222842746045792,-0.04555929205565723,0.06592844558740318,-0.026428838121854925,0.030834494431841854,60.40577816808978,0.037942557467408815,-0.005633852010442204,0.6923465272099334,0.11602338424770772,-0.000300039994658885
2023-11-18,36585.703125,36839.28125,36233.3125,36625.37109375,11886022717,-0.000300039994658885,0.012222842746045792,-0.04555929205565723,0.06592844558740318,0.030845334460108145,58.72165165238656,0.03589135376176368,-0.006148044572869875,0.6700035540351164,0.11232665238718506,0.021889527372586093
2023-11-19,37386.546875,37509.35546875,36414.59765625,36585.765625,12915986553,0.021889527372586093,-0.000300039994658885,0.012222842746045792,-0.04555929205565723,0.030245172680273692,62.448552435840085,0.03484967526956869,-0.005751778452051895,0.8342283224554445,0.11141164777776877,0.0024182537251242753
2023-11-20,37476.95703125,37756.8203125,36882.53125,37374.07421875,20888209068,0.0024182537251242753,0.021889527372586093,-0.000300039994658885,0.012222842746045792,0.029809801868918417,62.886278439056284,0.03434859214600931,-0.005002289260489019,0.8237770691120644,0.11028960986557405,-0.04437779006078835
2023-11-21,35813.8125,37631.140625,35813.8125,37469.16015625,25172163756,-0.04437779006078835,0.0024182537251242753,0.021889527372586093,-0.000300039994658885,0.03308801279853316,51.72646439094335,0.03148768226471058,-0.0062905593134302065,0.4011904278671407,0.10897693887454311,0.045192824521265385
2023-11-22,37432.33984375,37856.98046875,35670.97265625,35756.5546875,24397247860,0.045192824521265385,-0.04437779006078835,0.0024182537251242753,0.021889527372586093,0.03645871300143951,57.325317469927626,0.029891897441510516,-0.0063090753093042184,0.7829158823234849,0.10741358863967743,-0.003812712499291715
2023-11-23,37289.62109375,37643.91796875,36923.86328125,37420.43359375,14214948217,-0.003812712499291715,0.045192824521265385,-0.04437779006078835,0.0024182537251242753,0.03606731022756973,52.65475971506486,0.029174770013398594,-0.005620962189932913,0.726115941159819,0.10109978898072698,0.011549062275727495
2023-11-24,37720.28125,38415.33984375,37261.60546875,37296.31640625,22922957823,0.011549062275727495,-0.003812712499291715,0.045192824521265385,-0.04437779006078835,0.034628066151904564,51.83947008774337,0.028779722077814943,-0.004812808100413249,0.8134351175970214,0.09872294382858683,0.0020283973558654633
2023-11-25,37796.79296875,37892.4296875,37617.41796875,37721.4140625,9099571165,0.0020283973558654633,0.011549062275727495,-0.003812712499291715,0.045192824521265385,0.02763611062318366,53.00936368620016,0.02850719442867559,-0.004068268599642082,0.8097003046138961,0.09418889885065497,-0.008404730932136117
2023-11-26,37479.12109375,37820.30078125,37162.75,37796.828125,13744796068,-0.008404730932136117,0.0020283973558654633,0.011549062275727495,-0.003812712499291715,0.02290424304474012,51.89910085441892,0.027575755396461905,-0.003999766105484616,0.701808355304764,0.08492775062993807,-0.006002091789647501
2023-11-27,37254.16796875,37559.35546875,36750.12890625,37454.19140625,19002925720,-0.006002091789647501,-0.008404730932136117,0.0020283973558654633,0.011549062275727495,0.022888229816496533,53.463997563769276,0.02601980757765148,-0.0044445711394360335,0.61081581810074,0.07721154649986767,0.01548599794884531
2023-11-28,37831.0859375,38368.48046875,36891.08984375,37247.9921875,21696137014,0.01548599794884531,-0.006002091789647501,-0.008404730932136117,0.0020283973558654633,0.023252075480049723,60.958732799111246,0.02521859543192691,-0.004196626628128485,0.7918311276105778,0.07253239685399956,0.0007244373065387055
2023-11-29,37858.4921875,38366.11328125,37612.6328125,37826.10546875,20728546658,0.0007244373065387055,0.01548599794884531,-0.006002091789647501,-0.008404730932136117,0.02234764783475548,49.86445408433041,0.024654284630981876,-0.0038087499432588184,0.7730307537359106,0.07435874543829454,-0.0038497596002547985
2023-11-30,37712.74609375,38141.75390625,37531.140625,37861.1171875,18115982627,-0.0038497596002547985,0.0007244373065387055,0.01548599794884531,-0.006002091789647501,0.02240623811378921,61.85962395748589,0.02372975397932359,-0.003786624475933687,0.7093347741987173,0.07561304462818813,0.025879947957747618
2023-12-01,38688.75,38954.109375,37629.359375,37718.0078125,23512784002,0.025879947957747618,-0.0038497596002547985,0.0007244373065387055,0.01548599794884531,0.017013763273035772,64.72768431432831,0.024101094776748985,-0.0027322269428066356,0.9738102881852087,0.08430826384200957,0.020356874575942596
2023-12-02,39476.33203125,39678.9375,38652.59375,38689.27734375,15534035612,0.020356874575942596,0.025879947957747618,-0.0038497596002547985,0.0007244373065387055,0.012050419525425078,68.34365451706924,0.025687384166321374,-0.0009167500425873998,1.0768411112309533,0.09998171178398187,0.012717964611113297
2023-12-03,39978.390625,40135.60546875,39298.1640625,39472.20703125,15769696322,0.012717964611113297,0.020356874575942596,0.025879947957747618,-0.0038497596002547985,0.01177762983821506,67.09588984622995,0.027676738790626088,0.0008580836653738488,1.0724228549943586,0.11557947570583396,0.05006972516793251
2023-12-04,41980.09765625,42371.75,39978.62890625,39978.62890625,39856129827,0.05006972516793251,0.012717964611113297,0.020356874575942596,0.025879947957747618,0.018044978422237738,73.72169169151043,0.03158538064943086,0.0038133804193428954,1.2506155186855048,0.14655594286250162,0.05003682455553493
2023-12-05,44080.6484375,44408.6640625,41421.1484375,41986.265625,36312154535,0.05003682455553493,0.05006972516793251,0.012717964611113297,0.020356874575942596,0.02148133835720693,91.62968540750987,0.037439873986068385,0.007734299004784333,1.2551042295431782,0.20668962672775082,-0.007581629055975703
2023-12-06,43746.4453125,44265.76953125,43478.08203125,44080.0234375,29909761586,-0.007581629055975703,0.05003682455553493,0.05006972516793251,0.012717964611113297,0.021380045282458966,86.52013225240744,0.04249667986618801,0.010232883907923165,1.0749742184104993,0.23652947339785305,-0.010372985662227885
2023-12-07,43292.6640625,44042.58984375,42880.6484375,43769.1328125,27635760671,-0.010372985662227885,-0.007581629055975703,0.05003682455553493,0.05006972516793251,0.021912957012495925,83.51500628305912,0.04539357170423176,0.010503820596773523,0.9510699197507833,0.2538963050457529,0.02018673414826888
2023-12-08,44166.6015625,44705.515625,43125.296875,43293.13671875,24421116687,0.02018673414826888,-0.010372985662227885,-0.007581629055975703,0.05003682455553493,0.02196663031318234,84.29247196353347,0.047449409924799915,0.010047727053873343,0.962175540646161,0.2727007449500053,-0.009976252913108663
2023-12-09,43725.984375,44361.2578125,43627.59765625,44180.01953125,17368210171,-0.009976252913108663,0.02018673414826888,-0.010372985662227885,-0.007581629055975703,0.023018947756678704,80.36519705220891,0.0489152704554414,0.009210870067611857,0.871513217822197,0.2849568009844858,0.0012284421841561866
2023-12-10,43779.69921875,44034.625,43593.28515625,43728.3828125,13000481418,0.0012284421841561866,-0.009976252913108663,0.02018673414826888,-0.010372985662227885,0.02261558784720495,83.16380115059278,0.04916928244924681,0.007571905649133813,0.8355011361427699,0.29349777135632665,-0.05792335792051162
2023-12-11,41243.83203125,43808.375,40234.578125,43792.01953125,40632672038,-0.05792335792051162,0.0012284421841561866,-0.009976252913108663,0.02018673414826888,0.031873000558049445,66.89090767166857,0.046954051567586606,0.004285339813978883,0.6005410283902448,0.276901853761122,0.005004157345118276
2023-12-12,41450.22265625,42048.3046875,40667.5625,41238.734375,24779520132,0.005004157345118276,-0.05792335792051162,0.0012284421841561866,-0.009976252913108663,0.03151919781369669,65.81850478516688,0.04250131775016158,-0.00013391520275691376,0.603284692492949,0.26952306144660304,0.03475299863154757
2023-12-13,42890.7421875,43429.78125,40676.8671875,41468.46484375,26797884674,0.03475299863154757,0.005004157345118276,-0.05792335792051162,0.0012284421841561866,0.03283514388498152,69.57665686204786,0.040090587114864865,-0.0020357166704429094,0.7132894986518112,0.26359983633460393,0.0031062756659134827
2023-12-14,43023.97265625,43390.859375,41767.08984375,42884.26171875,25578530178,0.0031062756659134827,0.03475299863154757,0.005004157345118276,-0.05792335792051162,0.029238246424660327,70.6820821628423,0.03899001059138049,-0.0025090345551418286,0.7039093844221432,0.2581043242928483,-0.025432678020983368
2023-12-15,41929.7578125,43087.82421875,41692.96875,43028.25,19639442462,-0.025432678020983368,0.0031062756659134827,0.03475299863154757,0.005004157345118276,0.025159576993413636,62.50545617216665,0.036684847216495654,-0.0038513583440213384,0.5835590470977674,0.24770707924827182,0.007401888090740938
2023-12-16,42240.1171875,42664.9453125,41723.11328125,41937.7421875,14386729590,0.007401888090740938,-0.025432678020983368,0.0031062756659134827,0.03475299863154757,0.025413830487813652,61.071834876024006,0.034002343950266696,-0.005227089288200239,0.5957656960041455,0.23316292195656874,-0.02072563201266564
2023-12-17,41364.6640625,42359.49609375,41274.54296875,42236.109375,16678702876,-0.02072563201266564,0.007401888090740938,-0.025432678020983368,0.0031062756659134827,0.02594372551322235,55.392152095987434,0.030707460908035014,-0.006817577864345538,0.48208730700674407,0.21296101112939167,0.030433584522719714
2023-12-18,42623.5390625,42720.296875,40530.2578125,41348.203125,25224642008,0.030433584522719714,-0.02072563201266564,0.007401888090740938,-0.025432678020983368,0.02718810627391849,52.65627706130332,0.028764581702194376,-0.007008365656148943,0.6053516074910368,0.1956590652276015,-0.008282083715112631
2023-12-19,42270.52734375,43354.296875,41826.3359375,42641.51171875,23171001281,-0.008282083715112631,0.030433584522719714,-0.02072563201266564,0.007401888090740938,0.027146526887142808,41.2674141583708,0.027189652323822294,-0.006866636027616824,0.5393329488066447,0.17394538917523494,0.032687613405284255
2023-12-20,43652.25,44275.5859375,42223.81640625,42261.30078125,27868908174,0.032687613405284255,-0.008282083715112631,0.030433584522719714,-0.02072563201266564,0.0294239304904136,49.587286069595535,0.027176884412901562,-0.00550352315083005,0.7201651780183316,0.14738864978386979,0.0049688697318006625
2023-12-21,43869.15234375,44240.66796875,43330.05078125,43648.125,22452766169,0.0049688697318006625,0.032687613405284255,-0.008282083715112631,0.030433584522719714,0.021221256133461187,52.57940828865687,0.027789751363645355,-0.0039125249600690075,0.7470916152792451,0.12652056624871405,0.002934864092908329
2023-12-22,43997.90234375,44367.95703125,43441.96875,43868.98828125,21028503216,0.002934864092908329,0.0049688697318006625,0.032687613405284255,-0.008282083715112631,0.021246361306777314,49.19125013810939,0.028209829861802857,-0.0027939571695292063,0.7627942978675668,0.10967144865996228,-0.005872083923035065
2023-12-23,43739.54296875,44015.69921875,43351.35546875,44012.19921875,13507796558,-0.005872083923035065,0.002934864092908329,0.0049688697318006625,0.032687613405284255,0.018935090523730203,50.06615644942473,0.027977039452026124,-0.0024213980634447546,0.6986522414044704,0.09212983646045947,-0.01653939964043194
2023-12-24,43016.1171875,43945.5234375,42786.91796875,43728.3671875,18830554085,-0.01653939964043194,-0.005872083923035065,0.002934864092908329,0.0049688697318006625,0.019820093866727905,46.50281078284354,0.026463586930334692,-0.0031478804681089496,0.5028308523529096,0.08951798292270921,0.013879063861056418
2023-12-25,43613.140625,43765.09375,42765.76953125,43010.57421875,21115795370,0.013879063861056418,-0.01653939964043194,-0.005872083923035065,0.002934864092908329,0.01799508679390044,63.19472996555473,0.02536277489132457,-0.003398954005695256,0.6678329477381711,0.08751275901849158,-0.025055253200995553
2023-12-26,42520.40234375,43603.17578125,41676.48828125,43599.84765625,30026850982,-0.025055253200995553,0.013879063861056418,-0.01653939964043194,-0.005872083923035065,0.02013138092256702,55.42435178871389,0.02307453292265522,-0.004549756779491685,0.392177816909502,0.08646450268456947,0.021694364920222586
2023-12-27,43442.85546875,43683.16015625,42167.58203125,42518.46875,25260941032,0.021694364920222586,-0.025055253200995553,0.013879063861056418,-0.01653939964043194,0.019542217191853038,52.95357688711833,0.02176651604944626,-0.004686218922160517,0.6381585011817394,0.08680072987070293,-0.01876027694786908
2023-12-28,42627.85546875,43804.78125,42318.55078125,43468.19921875,22992093014,-0.01876027694786908,0.021694364920222586,-0.025055253200995553,0.013879063861056418,0.018622336183669663,48.02500114909307,0.01975153319923187,-0.005360961417899927,0.4370262109666865,0.08273435103465955,-0.012396896798793966
2023-12-29,42099.40234375,43124.32421875,41424.0625,42614.64453125,26000021055,-0.012396896798793966,-0.01876027694786908,0.021694364920222586,-0.025055253200995553,0.018873503404752343,50.896401802009336,0.0168415653319877,-0.006616743428115281,0.30876449850197346,0.08196284681131542,0.0013658151137276864
2023-12-30,42156.90234375,42584.125,41556.2265625,42091.75390625,16013925945,0.0013658151137276864,-0.012396896798793966,-0.01876027694786908,0.021694364920222586,0.015002803996947497,49.548220174536354,0.01426497173759393,-0.007354669618007242,0.34411208513695657,0.07990549013506554,0.002568622223877659
2023-12-31,42265.1875,42860.9375,41998.25390625,42152.09765625,16397498810,0.002568622223877659,0.0013658151137276864,-0.012396896798793966,-0.01876027694786908,0.014873065382672648,55.33327472608824,0.012275080856399351,-0.007475648399361455,0.3498255970705949,0.0739318824366673,0.0450049945064126
2024-01-01,44167.33203125,44175.4375,42214.9765625,42280.234375,18426978443,0.0450049945064126,0.002568622223877659,0.0013658151137276864,-0.012396896798793966,0.02143504030427812,58.495664365248366,0.013583608407594115,-0.004933696678533352,0.9087018919530183,0.07371682064950544,0.017900939051301412
2024-01-02,44957.96875,45899.70703125,44176.94921875,44187.140625,39335274536,0.017900939051301412,0.0450049945064126,0.002568622223877659,0.0013658151137276864,0.021950944129348136,64.10968220119122,0.0160096003728135,-0.002006163770651173,1.0394002958384998,0.0853665312833075,-0.04692812036242189
2024-01-03,42848.17578125,45503.2421875,40813.53515625,44961.6015625,46342323118,-0.04692812036242189,0.017900939051301412,0.0450049945064126,0.002568622223877659,0.02656903528200945,46.078247201714696,0.014869252169590275,-0.0025172095790995212,0.46677198914244417,0.08542010040422632,0.03108057856532498
2024-01-04,44179.921875,44770.0234375,42675.17578125,42855.81640625,30448091210,0.03108057856532498,-0.04692812036242189,0.017900939051301412,0.0450049945064126,0.028086192127201405,51.3670644637472,0.015195825215843669,-0.0017525092262769028,0.7977540202028951,0.08553720927387973,-0.0003900067727314882
2024-01-05,44162.69140625,44353.28515625,42784.71875,44192.98046875,32336029347,-0.0003900067727314882,0.03108057856532498,-0.04692812036242189,0.017900939051301412,0.02651998368129394,50.73208418916114,0.015604654735685721,-0.0010749437651478826,0.7647710388320148,0.0860630435319257,-0.003928567037593367
2024-01-06,43989.1953125,44227.6328125,43475.15625,44178.953125,16092503468,-0.003928567037593367,-0.0003900067727314882,0.03108057856532498,-0.04692812036242189,0.025862340851551417,51.11752015474028,0.015489950224551973,-0.0009517186210253083,0.7020380755093609,0.07761957199125342,-0.0010479313368322307
2024-01-07,43943.09765625,44495.5703125,43662.23046875,43998.46484375,19330573863,-0.0010479313368322307,-0.003928567037593367,-0.0003900067727314882,0.03108057856532498,0.024905498582734505,54.417306843924564,0.01510757482724267,-0.0010672752146676876,0.6696978076905619,0.07704541850345921,0.06889378335779228
2024-01-08,46970.50390625,47218.0,43244.08203125,43948.70703125,42746192015,0.06889378335779228,-0.0010479313368322307,-0.003928567037593367,-0.0003900067727314882,0.03157734605885358,62.989895362639764,0.018822165987425643,0.002117852756412228,1.249532305304369,0.10277596192880441,-0.017687130611972357
2024-01-09,46139.73046875,47893.69921875,45244.71484375,46987.640625,39821290992,-0.017687130611972357,0.06889378335779228,-0.0010479313368322307,-0.003928567037593367,0.03280449799642014,64.29319824016882,0.021245693590685774,0.003633104287737887,0.9788425552675557,0.11480930845568385,0.010577584004972662
2024-01-10,46627.77734375,47647.22265625,44483.15234375,46121.5390625,50114613298,0.010577584004972662,-0.017687130611972357,0.06889378335779228,-0.0010479313368322307,0.032712842102575836,63.024550704597935,0.023234856486749004,0.004497813747040894,0.9875218175291294,0.12877967778076035,-0.005558733892443213
2024-01-11,46368.5859375,48969.37109375,45678.64453125,46656.07421875,45833734549,-0.005558733892443213,0.010577584004972662,-0.017687130611972357,0.06889378335779228,0.030600252348940017,66.02602314470039,0.024394932067489827,0.004526311462225374,0.8911821371161268,0.13811333046519977,-0.07581464687080208
2024-01-12,42853.16796875,46498.13671875,41903.76953125,46354.79296875,43332698900,-0.07581464687080208,-0.005558733892443213,0.010577584004972662,-0.017687130611972357,0.03939582348206155,52.57121598299536,0.020424657899338727,0.00044482983525941794,0.3222913900465208,0.1401221180525069,-0.0002516769882185965
2024-01-13,42842.3828125,43234.66015625,42464.14453125,42799.4453125,20601860469,-0.0002516769882185965,-0.07581464687080208,-0.005558733892443213,0.010577584004972662,0.036406857658128684,52.3457603392552,0.015497204969373166,-0.0035860984757649164,0.32264304536260596,0.1406969800838996,-0.0244177193838242
2024-01-14,41796.26953125,43065.59765625,41724.61328125,42842.26171875,17521429522,-0.0244177193838242,-0.0002516769882185965,-0.07581464687080208,-0.005558733892443213,0.0354597443304049,48.49211646840495,0.009746156859198886,-0.007469717268751357,0.18286862869169546,0.1475452808213035,0.01712351907901466
2024-01-15,42511.96875,43319.72265625,41705.41796875,41715.06640625,22320220558,0.01712351907901466,-0.0244177193838242,-0.0002516769882185965,-0.07581464687080208,0.036136705803490626,44.2371769016556,0.0060871355517679365,-0.008902990860945845,0.2936060570737929,0.14758003281431312,0.015124600939588229
2024-01-16,43154.9453125,43566.2734375,42085.99609375,42499.3359375,24062872740,0.015124600939588229,0.01712351907901466,-0.0244177193838242,-0.0002516769882185965,0.03659407418066683,43.65792411174334,0.004419245291922364,-0.008456704896633135,0.39552013360599686,0.14809059125648677,-0.009553782672285682
2024-01-17,42742.65234375,43189.890625,42189.30859375,43132.1015625,20851232595,-0.009553782672285682,0.015124600939588229,0.01712351907901466,-0.0244177193838242,0.03668615173055526,49.578488725891916,0.0023939342958416263,-0.0083856127141711,0.33067334009166666,0.1476797579758168,-0.034639725632667706
2024-01-18,41262.05859375,42876.34765625,40631.171875,42742.3125,25218357242,-0.034639725632667706,-0.009553782672285682,0.015124600939588229,0.01712351907901466,0.0279840797905586,38.481622512318324,-0.002089178473663487,-0.010294980386940971,0.12180776897732068,0.15304358139728313,0.00863620644230223
2024-01-19,41618.40625,42134.16015625,40297.45703125,41278.4609375,25752407154,0.00863620644230223,-0.034639725632667706,-0.009553782672285682,0.015124600939588229,0.028672545924766573,40.218229373320426,-0.00491371763486381,-0.010495615638513034,0.18496020032715152,0.15604062614030062,0.0011336255217606617
2024-01-20,41665.5859375,41877.89453125,41446.82421875,41624.58984375,11586690904,0.0011336255217606617,0.00863620644230223,-0.034639725632667706,-0.009553782672285682,0.02807321930087678,40.97902216679143,-0.0069863422099734574,-0.010054592170898146,0.20197611721496422,0.15914379509369966,-0.0028752933279206916
2024-01-21,41545.78515625,41855.3671875,41497.0078125,41671.48828125,9344043642,-0.0028752933279206916,0.0011336255217606617,0.00863620644230223,-0.034639725632667706,0.02814185884705746,40.74584302409744,-0.008789576943728042,-0.009486261523722185,0.2140612938453389,0.16546422600860472,-0.049064374667218136
2024-01-22,39507.3671875,41651.20703125,39450.1171875,41553.65234375,31338708143,-0.049064374667218136,-0.0028752933279206916,0.0011336255217606617,0.00863620644230223,0.021807720018701224,18.809079988807227,-0.014722747505880672,-0.01233554566869985,0.019290560004555982,0.1838083935326343,0.008560013431039293
2024-01-23,39845.55078125,40127.3515625,38521.89453125,39518.71484375,29244553045,0.008560013431039293,-0.049064374667218136,-0.0028752933279206916,0.0011336255217606617,0.022322088982834176,22.564929094581885,-0.018011125771033306,-0.012499139147081988,0.10934143763254338,0.1980206095504863,0.005810521700930993
2024-01-24,40077.07421875,40483.78515625,39508.796875,39877.59375,22359526178,0.005810521700930993,0.008560013431039293,-0.049064374667218136,-0.0028752933279206916,0.021740068273334075,20.793662514916832,-0.019900984017158643,-0.01151119791456586,0.1747641642476388,0.20775144335500578,-0.0035747525934159974
2024-01-25,39933.80859375,40254.48046875,39545.6640625,40075.55078125,18491782013,-0.0035747525934159974,0.005810521700930993,0.008560013431039293,-0.049064374667218136,0.020455556016060895,21.010854059898477,-0.02159874619827544,-0.010567168076546125,0.19352143245029593,0.2163550155937004,0.04715459322091098
2024-01-26,41816.87109375,42209.38671875,39825.69140625,39936.81640625,25598119893,0.04715459322091098,-0.0035747525934159974,0.005810521700930993,0.008560013431039293,0.025917123316399563,44.52635557767362,-0.01801568274547156,-0.005587283698993795,0.40838974870873396,0.21603502934306862,0.007250269707417489
2024-01-27,42120.0546875,42195.6328125,41431.28125,41815.625,11422941934,0.007250269707417489,0.04715459322091098,-0.0035747525934159974,0.005810521700930993,0.025978239101355778,46.29903306845056,-0.01507746922742531,-0.0021192561447580353,0.45080522258961225,0.2148637714578302,-0.002005242826170095
2024-01-28,42035.59375,42797.17578125,41696.91015625,42126.125,16858971687,-0.002005242826170095,0.007250269707417489,0.04715459322091098,-0.0035747525934159974,0.023207278112578892,51.360262234633744,-0.01289103898377246,5.373927911585252e-05,0.46474039615224144,0.1927813919793676,0.029799801358818767
2024-01-29,43288.24609375,43305.8671875,41818.33203125,42030.9140625,20668476578,0.029799801358818767,-0.002005242826170095,0.007250269707417489,0.04715459322091098,0.024780948833865377,54.158357707442896,-0.008380454214878956,0.0036514592384074857,0.6496839535390524,0.1754162070499543,-0.007753530092744043
2024-01-30,42952.609375,43838.9453125,42711.37109375,43300.2265625,23842814518,-0.007753530092744043,0.029799801358818767,-0.002005242826170095,0.007250269707417489,0.025061659790935685,48.87922416814883,-0.005706036829265285,0.005060701299216927,0.654973360610531,0.14683469505958324,-0.00861423582021903
2024-01-31,42582.60546875,43717.40625,42298.9453125,42946.25,24673628793,-0.00861423582021903,-0.007753530092744043,0.029799801358818767,-0.002005242826170095,0.025284270436604604,49.109298151639315,-0.004217872186705735,0.005239092753421182,0.6666715582866987,0.11121398008704403,0.011581441842771323
2024-02-01,43075.7734375,43243.16796875,41879.19140625,42569.76171875,21423953779,0.011581441842771323,-0.00861423582021903,-0.007753530092744043,0.029799801358818767,0.017570042414233253,61.340130900550655,-0.002017774942688169,0.0059513519979509984,0.7676856127252848,0.11228880367966719,0.0025556346111748063
2024-02-02,43185.859375,43422.48828125,42584.3359375,43077.640625,18603843039,0.0025556346111748063,0.011581441842771323,-0.00861423582021903,-0.007753530092744043,0.01768218689918993,60.111785339891945,-0.00010475531033837653,0.006291497304240634,0.7830986547700857,0.11397661259398277,-0.0044831659668692625
2024-02-03,42992.25,43359.94140625,42890.80859375,43184.96484375,11169245236,-0.0044831659668692625,0.0025556346111748063,0.011581441842771323,-0.00861423582021903,0.018131972092815907,58.399739618113166,0.0010382363029349422,0.005947591134011162,0.7247540604587834,0.11644739313336751,-0.009505619472114146
2024-02-04,42583.58203125,43097.64453125,42374.83203125,42994.94140625,14802225490,-0.009505619472114146,-0.0044831659668692625,0.0025556346111748063,0.011581441842771323,0.01861383842245514,56.33891265301136,0.001175168070589342,0.004867618321332449,0.6400230273168153,0.11662911599859933,0.0017632602500394778
2024-02-05,42658.66796875,43494.25,42264.81640625,42577.62109375,18715487317,0.0017632602500394778,-0.009505619472114146,-0.0044831659668692625,0.0025556346111748063,0.011975783370879097,75.32145666337934,0.0013994435308482722,0.0040735150252731046,0.6634094904878111,0.11459636393685105,0.009986338686479135
2024-02-06,43084.671875,43344.1484375,42529.01953125,42657.390625,16798476726,0.009986338686479135,0.0017632602500394778,-0.009505619472114146,-0.0044831659668692625,0.012137728393121659,75.66490143704753,0.0023341518278860167,0.0040065786578486785,0.745477117285621,0.11601676411204496,0.028630850081180936
2024-02-07,44318.22265625,44341.94921875,42775.95703125,43090.01953125,21126587775,0.028630850081180936,0.009986338686479135,0.0017632602500394778,-0.009505619472114146,0.014548204108969537,78.99955341498645,0.005186172122478227,0.005486879161952712,0.930843026424394,0.12552304443080345,0.022188248784866804
2024-02-08,45301.56640625,45575.83984375,44332.125,44332.125,26154524080,0.022188248784866804,0.028630850081180936,0.009986338686479135,0.0017632602500394778,0.013272753590716158,82.92086798361701,0.008983143175986079,0.00742708017236845,1.0117205923894235,0.14220673318579255,0.040741037427910465
2024-02-09,47147.19921875,48152.49609375,45260.82421875,45297.3828125,39316770844,0.040741037427910465,0.022188248784866804,0.028630850081180936,0.009986338686479135,0.016668331186499644,82.8420928998942,0.014599023182874139,0.010434368143405207,1.1268212720954782,0.1743339500499033,0.013236801662479536
2024-02-10,47771.27734375,48146.171875,46905.3203125,47153.52734375,16398681570,0.013236801662479536,0.040741037427910465,0.022188248784866804,0.028630850081180936,0.01541742669314837,83.4947590098402,0.019900579477214277,0.012588739550196276,1.0691117103827923,0.20345365828005826,0.010940478338881565
2024-02-11,48293.91796875,48535.9375,47617.40625,47768.96875,19315867136,0.010940478338881565,0.013236801662479536,0.040741037427910465,0.022188248784866804,0.015419165654789208,85.26150141848811,0.024580677940897636,0.013815070411103709,1.0351916103231364,0.21774997494851225,0.034461993507690414
2024-02-12,49958.22265625,50280.4765625,47745.76171875,48296.38671875,34511985805,0.034461993507690414,0.010940478338881565,0.013236801662479536,0.040741037427910465,0.016594781408834226,85.91487854455386,0.029856233414262547,0.015272500707574894,1.084531152253226,0.2423649902738659,-0.004319233922406296
2024-02-13,49742.44140625,50358.390625,48406.49609375,49941.359375,35593051468,-0.004319233922406296,0.034461993507690414,0.010940478338881565,0.013236801662479536,0.016573687857901587,87.03831475590084,0.03409353692041753,0.0156078433709839,0.9875327286666122,0.255002090158369,0.041900916949929146
2024-02-14,51826.6953125,52021.37109375,49296.83203125,49733.4453125,39105608050,0.041900916949929146,-0.004319233922406296,0.034461993507690414,0.010940478338881565,0.016160105357742417,92.48122217343492,0.03864655618823267,0.016128690111039234,1.0630126734392182,0.27689601955707493,0.0021583350882306007
2024-02-15,51938.5546875,52820.06640625,51371.62890625,51836.78515625,38564360533,0.0021583350882306007,0.041900916949929146,-0.004319233922406296,0.034461993507690414,0.01611110331637488,92.2081483250847,0.04292706754503756,0.0163273611742753,0.9854298204759034,0.2996554088369835,0.004267512618200353
2024-02-16,52160.203125,52537.96875,51641.3671875,51937.7265625,28180567298,0.004267512618200353,0.0021583350882306007,0.041900916949929146,-0.004319233922406296,0.01659983665990654,92.2900748745158,0.0460008769238304,0.01552093644245451,0.9350108633224149,0.3166667333686249,-0.009532306269177337
2024-02-17,51662.99609375,52191.9140625,50669.66796875,52161.67578125,20009091006,-0.009532306269177337,0.004267512618200353,0.0021583350882306007,0.041900916949929146,0.01852265219071478,89.7228309673697,0.047722313876306384,0.013793898715944393,0.857258885358704,0.3224510556083077,0.008895163192163213
2024-02-18,52122.546875,52356.96484375,51233.70703125,51661.96875,17595377311,0.008895163192163213,-0.009532306269177337,0.004267512618200353,0.0021583350882306007,0.018474587366020985,93.49756414709523,0.04845885414107512,0.011624351184570503,0.8453644362716681,0.33151022673911495,-0.006588364620277343
2024-02-19,51779.14453125,52483.32421875,51711.8203125,52134.8125,21362184346,-0.006588364620277343,0.008895163192163213,-0.009532306269177337,0.004267512618200353,0.016939833510359187,90.59586593103487,0.04860800910708659,0.009418804920465575,0.7913709771895782,0.33221978849067707,0.009767068832988945
2024-02-20,52284.875,52945.05078125,50792.3125,51777.7265625,33353758256,0.009767068832988945,-0.006588364620277343,0.008895163192163213,-0.009532306269177337,0.01689121312012503,90.66214015698223,0.048227236639404814,0.007230425962227033,0.7928619851387227,0.328642534401617,-0.008524364120598982
2024-02-21,51839.1796875,52368.81640625,50671.7578125,52273.53515625,28624907020,-0.008524364120598982,0.009767068832988945,-0.006588364620277343,0.008895163192163213,0.01776658841300143,85.72857443476977,0.04747234114645648,0.005180424375422953,0.7397802857158503,0.3211589859641416,-0.010305082651198116
2024-02-22,51304.97265625,52009.61328125,50926.29296875,51854.64453125,25413900611,-0.010305082651198116,-0.008524364120598982,0.009767068832988945,-0.006588364620277343,0.015663209937362678,79.79064561725079,0.04566355101725309,0.0026973073969756498,0.6848184400943798,0.3083790585338232,-0.011168964874795462
2024-02-23,50731.94921875,51497.93359375,50561.77734375,51283.90625,21427078270,-0.011168964874795462,-0.010305082651198116,-0.008524364120598982,0.009767068832988945,0.016149983988179933,70.36007110192904,0.04292723438258697,-3.1207390152381e-05,0.6278363730335577,0.2888184892198997,0.016540904827679226
2024-02-24,51571.1015625,51684.1953125,50585.4453125,50736.37109375,15174077879,0.016540904827679226,-0.011168964874795462,-0.010305082651198116,-0.008524364120598982,0.01003799321632839,71.06693088176374,0.04053904969151399,-0.001935513664980286,0.6692895775791345,0.2627432395784512,0.003143945229742817
2024-02-25,51733.23828125,51950.02734375,51306.171875,51565.21484375,15413239245,0.003143945229742817,0.016540904827679226,-0.011168964874795462,-0.010305082651198116,0.01007122251234997,69.86220220209381,0.03888179712905281,-0.0028742129819531725,0.6660708369501218,0.2301594917288846,0.053914352844811164
2024-02-26,54522.40234375,54938.17578125,50931.03125,51730.5390625,34074411896,0.053914352844811164,0.003143945229742817,0.016540904827679226,-0.011168964874795462,0.01997144617210001,73.32754352339882,0.03941561802443001,-0.0018723136692607792,0.8998388912828825,0.20453789846289536,0.04700762695380023
2024-02-27,57085.37109375,57537.83984375,54484.19921875,54519.36328125,49756832031,0.04700762695380023,0.053914352844811164,0.003143945229742817,0.016540904827679226,0.023254931566316788,80.26764092126957,0.04268635624921597,0.0011187396444201428,1.0876005752497593,0.20161323743779558,0.09493531994124749
2024-02-28,62504.7890625,63913.1328125,56738.42578125,57071.09765625,83239156760,0.09493531994124749,0.04700762695380023,0.053914352844811164,0.003143945229742817,0.03542357466160354,84.52305357656144,0.04906418609160872,0.005997255589450315,1.2984970426277764,0.2559222379722809,-0.020900898468654838
2024-02-29,61198.3828125,63585.64453125,60498.73046875,62499.18359375,65496611844,-0.020900898468654838,0.09493531994124749,0.04700762695380023,0.053914352844811164,0.03682789128880738,77.79108280971637,0.05590274099332445,0.01026864839293283,1.0770943785372904,0.28319748195510425,0.020298739001094468
2024-03-01,62440.6328125,63155.1015625,60802.52734375,61168.0625,40186368423,0.020298739001094468,-0.020900898468654838,0.09493531994124749,0.04700762695380023,0.03673452543242488,79.07309949272673,0.06020020498793116,0.011652889910031633,1.0493628267511308,0.3107663949252315,-0.006578811548619723
2024-03-02,62029.84765625,62458.69921875,61657.2890625,62431.65234375,23888473685,-0.006578811548619723,0.020298739001094468,-0.020900898468654838,0.09493531994124749,0.03658035747371854,79.46150963269388,0.06364639948154684,0.012079267522917839,0.9555282389330163,0.32541493203758903,0.01833832389535761
2024-03-03,63167.37109375,63230.2109375,61435.0234375,62031.578125,26253811450,0.01833832389535761,-0.006578811548619723,0.020298739001094468,-0.020900898468654838,0.035151325376241035,80.2235848877105,0.06556920408366125,0.011201657700025798,0.9483097960542953,0.34612138109619217,0.08173591649219114
2024-03-04,68330.4140625,68537.03125,62386.51953125,63137.00390625,70670471105,0.08173591649219114,0.01833832389535761,-0.006578811548619723,0.020298739001094468,0.03772511076860945,85.83843997005798,0.06817437702191384,0.011045464510622709,1.0805362649399264,0.3939546915776903,-0.06628402455760396
2024-03-05,63801.19921875,69170.625,59323.91015625,68341.0546875,102802940877,-0.06628402455760396,0.08173591649219114,0.01833832389535761,-0.006578811548619723,0.04870758290418716,71.23608555404306,0.07286219302700499,0.012586624412571079,0.8334026660040448,0.4050400379697898,0.03613733749494208
2024-03-06,66106.8046875,67637.9296875,62848.671875,63776.05078125,68750229073,0.03613733749494208,-0.06628402455760396,0.08173591649219114,0.01833832389535761,0.04836239699727731,74.62066438433914,0.07218698995905247,0.009529137075694846,0.8824945842135512,0.42202315457991735,0.012384196927533564
2024-03-07,66925.484375,68029.921875,65655.53125,66099.7421875,46989543159,0.012384196927533564,0.03613733749494208,-0.06628402455760396,0.08173591649219114,0.0474603933169217,76.69317749294797,0.07291128521428857,0.008202745864744745,0.8683589677777791,0.4363933080411283,0.020539401213709896
2024-03-08,68300.09375,70083.0546875,66230.453125,66938.09375,59202881172,0.020539401213709896,0.012384196927533564,0.03613733749494208,-0.06628402455760396,0.046623319146677514,79.22086697537101,0.0734691555842674,0.007008492987778864,0.8744363977102666,0.4479872830324031,0.0029105240064184468
2024-03-09,68498.8828125,68673.0546875,68053.125,68299.2578125,21609650379,0.0029105240064184468,0.020539401213709896,0.012384196927533564,0.03613733749494208,0.0383269434105332,78.76859215324299,0.07423477821489977,0.006219292494728981,0.8412267850094437,0.4541626104091988,0.007604594828588107
2024-03-10,69019.7890625,70005.203125,68239.9765625,68500.2578125,35683977532,0.007604594828588107,0.0029105240064184468,0.020539401213709896,0.012384196927533564,0.03681530326375807,79.02437943012393,0.07419807999906369,0.004946075423114316,0.8243027795599441,0.4535355099644045,0.04497430707429584
2024-03-11,72123.90625,72850.7109375,67194.8828125,69020.546875,65716656765,0.04497430707429584,0.007604594828588107,0.0029105240064184468,0.020539401213709896,0.0381821297506519,79.24390052367914,0.07402135447730752,0.0038154799210865092,0.8885158301494375,0.4613233827828763,-0.008909905479502545
2024-03-12,71481.2890625,72825.65625,68728.8515625,72125.125,62554434520,-0.008909905479502545,0.04497430707429584,0.007604594828588107,0.0029105240064184468,0.03833650962388826,75.54826423719261,0.0755032525462181,0.004237902391997672,0.8308821169015568,0.454102469148805,0.022414410239567806
2024-03-13,73083.5,73637.4765625,71334.09375,71482.1171875,48212536929,0.022414410239567806,-0.008909905479502545,0.04497430707429584,0.007604594828588107,0.038398239951224204,71.71617219938639,0.07538090757301265,0.0032924459350337637,0.8531123814401707,0.44117469028646966,-0.0230819028918976
2024-03-14,71396.59375,73750.0703125,68563.0234375,73079.375,59594605698,-0.0230819028918976,0.022414410239567806,-0.008909905479502545,0.04497430707429584,0.03204373553668577,70.61305868014752,0.0756271952582315,0.0028309868962020923,0.7724889427110472,0.40718506503159985,-0.027911980219644583
2024-03-15,69403.7734375,72357.1328125,65630.6953125,71387.875,78320453976,-0.027911980219644583,-0.0230819028918976,0.022414410239567806,-0.008909905479502545,0.023818329565825174,63.6597370926441,0.07338461514691776,0.0004707254279106704,0.6797677130361424,0.36250277766427597,-0.05891115205258901
2024-03-16,65315.1171875,70046.2734375,64801.39453125,69392.484375,46842198371,-0.05891115205258901,-0.027911980219644583,-0.0230819028918976,0.022414410239567806,0.029855231327175238,55.63207743899719,0.06842129813179733,-0.0035940732697678085,0.4738640991694201,0.30316960785307834,0.04708722796395115
2024-03-17,68390.625,68845.71875,64545.31640625,65316.34375,44716864318,0.04708722796395115,-0.05891115205258901,-0.027911980219644583,-0.0230819028918976,0.03336808245755546,58.39651980529336,0.061036028646823885,-0.008783474203793003,0.6096303897672474,0.2550726964233836,-0.0123120859035869
2024-03-18,67548.59375,68897.1328125,66594.2265625,68371.3046875,49261579492,-0.0123120859035869,0.04708722796395115,-0.05891115205258901,-0.027911980219644583,0.03302892288339646,48.54043630122321,0.05668064442729547,-0.010511086738657145,0.5342460834813842,0.2156669734762795,-0.08343356981432348
2024-03-19,61912.7734375,68106.9296875,61536.1796875,67556.1328125,74215844794,-0.08343356981432348,-0.0123120859035869,0.04708722796395115,-0.05891115205258901,0.04205734982207832,46.614423245941154,0.04950060996094815,-0.014152896964003576,0.15057306033428539,0.21823232169325765,0.09692504638897836
2024-03-20,67913.671875,68115.2578125,60807.78515625,61930.15625,66792634382,0.09692504638897836,-0.08343356981432348,-0.0123120859035869,0.04708722796395115,0.05386225084192015,52.86036373080704,0.04284763948263899,-0.01664469395385019,0.5408379781943625,0.20144989300303162,-0.03566706353999505
2024-03-21,65491.390625,68199.9921875,64580.91796875,67911.5859375,44480350565,-0.03566706353999505,0.09692504638897836,-0.08343356981432348,-0.0123120859035869,0.052343382984631606,47.83945051959871,0.03912395765168645,-0.01629470062784219,0.34330985191875385,0.19101672113909102,-0.02615044343853401
2024-03-22,63778.76171875,66623.75,62355.37109375,65489.9296875,41401116964,-0.02615044343853401,-0.03566706353999505,0.09692504638897836,-0.08343356981432348,0.05264582769453618,43.2570151251849,0.03330389046877519,-0.017691814248602764,0.19071090963737172,0.18274242902067125,0.004444134671348854
2024-03-23,64062.203125,65976.3984375,63038.4921875,63802.72265625,24738964812,0.004444134671348854,-0.02615044343853401,-0.03566706353999505,0.09692504638897836,0.05171089640333003,43.3999281295936,0.027772464971340127,-0.018578591796830263,0.20412012460798315,0.17897162823737486,0.04951388799118828
2024-03-24,67234.171875,67622.7578125,63825.8515625,64070.75390625,27206630673,0.04951388799118828,0.004444134671348854,-0.02615044343853401,-0.03566706353999505,0.05496052949973233,47.537888417683504,0.02590485430578169,-0.016356961969910967,0.4706246140570971,0.17893000507146467,0.04052464020923141
2024-03-25,69958.8125,71162.59375,66414.8359375,67234.09375,42700139523,0.04052464020923141,0.04951388799118828,0.004444134671348854,-0.02615044343853401,0.05599212221921339,46.98307253876648,0.02729939812245053,-0.011969934522593699,0.6759296895659032,0.17258050898639335,0.00041486463910467286
2024-03-26,69987.8359375,71535.7421875,69335.609375,69931.328125,36010437368,0.00041486463910467286,0.04052464020923141,0.04951388799118828,0.004444134671348854,0.051782098196884986,47.88275812725071,0.028892441752281017,-0.008301512714210573,0.6616423680304456,0.1723055656265468,-0.007608353371227561
2024-03-27,69455.34375,71727.6875,68381.9296875,69991.8984375,40827113309,-0.007608353371227561,0.00041486463910467286,0.04052464020923141,0.04951388799118828,0.05007089521508922,44.69554107185242,0.029437198316136812,-0.0062054049202838225,0.6054165728008077,0.1720813445244149,0.018567460837021654
2024-03-28,70744.953125,71546.0234375,68895.5078125,69452.7734375,34374900617,0.018567460837021654,-0.007608353371227561,0.00041486463910467286,0.04052464020923141,0.0499967386864243,49.036086490349426,0.030274041025038723,-0.004294849769105533,0.7011566601532624,0.17493577787647413,-0.01204502883045766
2024-03-29,69892.828125,70913.09375,69076.65625,70744.796875,25230851763,-0.01204502883045766,0.018567460837021654,-0.007608353371227561,0.00041486463910467286,0.03993042490551887,50.74868010134373,0.03041054394016962,-0.0033266774831797116,0.6232218157918866,0.17593184441692597,-0.0035414711944022903
2024-03-30,69645.3046875,70355.4921875,69601.0625,69893.4453125,17130241883,-0.0035414711944022903,-0.01204502883045766,0.018567460837021654,-0.007608353371227561,0.026975475084231676,57.51247167561364,0.029704439715541497,-0.003226225366246272,0.5997285711128576,0.17643057208766763,0.02424203264779501
2024-03-31,71333.6484375,71377.78125,69624.8671875,69647.78125,20050941373,0.02424203264779501,-0.0035414711944022903,-0.01204502883045766,0.018567460837021654,0.023955511552546393,55.364054016031204,0.02993615736605594,-0.0023956061725854683,0.7465717930261048,0.17384721263380856,-0.022871394296192005
2024-04-01,69702.1484375,71342.09375,68110.6953125,71333.484375,34873527352,-0.022871394296192005,0.02424203264779501,-0.0035414711944022903,-0.01204502883045766,0.02344030262703899,53.81534270055757,0.029170035093479315,-0.002529382756129673,0.619721770059678,0.1699021741301326,-0.061047985989492126
2024-04-02,65446.97265625,69708.3828125,64586.59375,69705.0234375,50705240709,-0.061047985989492126,-0.022871394296192005,0.02424203264779501,-0.0035414711944022903,0.032358348184876345,56.583423355404804,0.02430205381469954,-0.00591789122792756,0.27326283322319544,0.16126047885064737,0.008156830210526378
2024-04-03,65980.8125,66914.3203125,64559.8984375,65446.671875,34488018367,0.008156830210526378,-0.061047985989492126,-0.022871394296192005,0.02424203264779501,0.028054943504132054,45.478605587533096,0.01921917857720123,-0.008800613172340696,0.34122931524609085,0.15631247159640826,0.038314642609167615
2024-04-04,68508.84375,69291.2578125,65113.796875,65975.6953125,34439527442,0.038314642609167615,0.008156830210526378,-0.061047985989492126,-0.022871394296192005,0.027693307560272343,57.02375427534767,0.017555695530071195,-0.008371276975576589,0.5852535475495317,0.1550199602397404,-0.009797320875087778
2024-04-05,67837.640625,68725.7578125,66011.4765625,68515.7578125,33748230056,-0.009797320875087778,0.038314642609167615,0.008156830210526378,-0.061047985989492126,0.027793052830976314,59.929290074102276,0.015983013439644353,-0.007955167252802747,0.509387106540076,0.15139883696742154,0.015602971156545964
2024-04-06,68896.109375,69629.6015625,67491.71875,67840.5703125,19967785809,0.015602971156545964,-0.009797320875087778,0.038314642609167615,0.008156830210526378,0.028307913480175365,61.393227847984726,0.015436449290064783,-0.0068013851219058535,0.6097337148714227,0.15188609896319827,0.006770270726916605
2024-04-07,69362.5546875,70284.4296875,68851.6328125,68897.109375,21204930369,0.006770270726916605,0.015602971156545964,-0.009797320875087778,0.038314642609167615,0.02766623153449137,55.74976847533091,0.015460108414997849,-0.005422180797578231,0.6449010626254192,0.15308418350996428,0.03270935878474601
2024-04-08,71631.359375,72715.359375,69064.2421875,69362.5546875,37261432669,0.03270935878474601,0.006770270726916605,0.015602971156545964,-0.009797320875087778,0.02936070448275783,54.632430170366,0.017423183222651954,-0.0027672847919393007,0.8542194322919499,0.1358237458837691,-0.03479403115822832
2024-04-09,69139.015625,71742.5078125,68212.921875,71632.5,36426900409,-0.03479403115822832,0.03270935878474601,0.006770270726916605,0.015602971156545964,0.031688143142626274,47.9313116804187,0.016960840999768242,-0.002583701611858412,0.5789800138066179,0.1359495945761993,0.0209558550176423
2024-04-10,70587.8828125,71093.4296875,67503.5625,69140.2421875,38318601774,0.0209558550176423,-0.03479403115822832,0.03270935878474601,0.006770270726916605,0.03142160157521253,52.64213372643194,0.017223987483038557,-0.0018564441028704783,0.7126377821979157,0.13209444651631153,-0.007469744331340511
2024-04-11,70060.609375,71256.234375,69571.8125,70575.734375,30153382941,-0.007469744331340511,0.0209558550176423,-0.03479403115822832,0.03270935878474601,0.030574704844747492,48.34459225785627,0.01703801838194673,-0.0016339305631698463,0.6378591170843602,0.11433382756717345,-0.04088948430588779
2024-04-12,67195.8671875,71222.7421875,65254.8359375,70061.3828125,44129299406,-0.04088948430588779,-0.007469744331340511,0.0209558550176423,-0.03479403115822832,0.026415207334900888,44.05499061779285,0.013903248432366804,-0.0038149604101998195,0.20880975801368,0.09608875017970682,-0.05021729270691988
2024-04-13,63821.47265625,67931.4296875,60919.10546875,67188.375,52869738185,-0.05021729270691988,-0.04088948430588779,-0.007469744331340511,0.0209558550176423,0.031161688716148432,38.71762913723861,0.007068726161971173,-0.00851958614447636,-0.1405584632122747,0.11631710774653833,0.03004089104268326
2024-04-14,65738.7265625,65824.4296875,62205.8515625,63836.23046875,49084320047,0.03004089104268326,-0.05021729270691988,-0.04088948430588779,-0.007469744331340511,0.030035856598693785,39.256379113974944,0.003353246446448713,-0.009788052687999056,0.14401692170596117,0.12298176988348532,-0.03517737178558533
2024-04-15,63426.2109375,66878.6484375,62332.0703125,65739.6484375,43595917654,-0.03517737178558533,0.03004089104268326,-0.05021729270691988,-0.04088948430588779,0.031637104950141756,38.25582340519719,-0.0023223005641686578,-0.012370879758893142,-0.02002752140001273,0.1403635262182595,0.006080330797783695
2024-04-16,63811.86328125,64355.66796875,61716.40234375,63419.296875,42847528078,0.006080330797783695,-0.03517737178558533,0.03004089104268326,-0.05021729270691988,0.031044115872649537,46.422054452661214,-0.006314839380830574,-0.013090734860444047,0.08345092296013688,0.15242891509908302,-0.03972884891052719
2024-04-17,61276.69140625,64486.36328125,59768.5859375,63831.84765625,41915247049,-0.03972884891052719,0.006080330797783695,-0.03517737178558533,0.03004089104268326,0.03218083725725227,40.53541246096487,-0.013070456051732406,-0.015877081225076705,-0.04374648613110988,0.1736259983319155,0.03649124077498622
2024-04-18,63512.75390625,64125.6875,60833.48046875,61275.31640625,36006307335,0.03649124077498622,-0.03972884891052719,0.006080330797783695,-0.03517737178558533,0.03277932633023035,39.82847567779068,-0.014567120976850118,-0.013898996920155532,0.1834742917343328,0.1798155083174976,0.005208661031110617
2024-04-19,63843.5703125,65481.59765625,59651.390625,63510.75,49920425401,0.005208661031110617,0.03649124077498622,-0.03972884891052719,0.006080330797783695,0.03204956496000586,41.754198698842075,-0.01543832416440373,-0.011816160086167316,0.23869002148698393,0.18331847213627683,0.018026421268684478
2024-04-20,64994.44140625,65442.45703125,63172.40234375,63851.1015625,23097485495,0.018026421268684478,0.005208661031110617,0.03649124077498622,-0.03972884891052719,0.03177306381243624,41.97558000736222,-0.014308163691035618,-0.008548799690239363,0.3512868614047044,0.17575291738755075,-0.0010431180502996629
2024-04-21,64926.64453125,65723.2421875,64277.72265625,64992.81640625,20506644853,-0.0010431180502996629,0.018026421268684478,0.005208661031110617,0.03649124077498622,0.03184458020911606,40.72473008357105,-0.013571201054584509,-0.006249469643030602,0.36305268849214,0.17276361262981071,0.029433758205850147
2024-04-22,66837.6796875,67233.9609375,64548.1796875,64935.6328125,28282686673,0.029433758205850147,-0.0010431180502996629,0.018026421268684478,0.005208661031110617,0.03131928669031441,39.82440877554797,-0.010179822892734204,-0.0022864731849442377,0.5234211774612056,0.1719811638591378,-0.006439574982440521
2024-04-23,66407.2734375,67199.2421875,65864.8671875,66839.890625,24310975583,-0.006439574982440521,0.029433758205850147,-0.0010431180502996629,0.018026421268684478,0.02617011395997124,43.64500055614401,-0.008277766754670948,-0.0003075336375047838,0.48394738678851706,0.1717440954883425,-0.03208044676017341
2024-04-24,64276.8984375,67075.3671875,63589.87109375,66408.71875,30276655120,-0.03208044676017341,-0.006439574982440521,0.029433758205850147,-0.0010431180502996629,0.026744831635445002,35.769640410397855,-0.009505593304604154,-0.0012282881499503916,0.3166320318071179,0.1727238002459948,0.0031863484195515657
2024-04-25,64481.70703125,65275.20703125,62783.6328125,64275.01953125,32155786816,0.0031863484195515657,-0.03208044676017341,-0.006439574982440521,0.029433758205850147,0.02406158949196627,37.234744472154254,-0.009858693733399856,-0.0012651108629968752,0.3495688070734798,0.17366593341216283,-0.011265004482557628
2024-04-26,63755.3203125,64789.65625,63322.3984375,64485.37109375,24139372950,-0.011265004482557628,0.0031863484195515657,-0.03208044676017341,-0.006439574982440521,0.024351282065631946,41.273648276446956,-0.011069980444063529,-0.0019811180589284372,0.30721277057422935,0.1729514127496362,-0.005272966802647994
2024-04-27,63419.140625,63898.36328125,62424.71875,63750.98828125,19530783039,-0.005272966802647994,-0.011265004482557628,0.0031863484195515657,-0.03208044676017341,0.020152846734142048,48.793631123818045,-0.012290279605371095,-0.002561133776188801,0.2992230558356062,0.16977978754491685,-0.004823625063903991
2024-04-28,63113.23046875,64321.484375,62793.59765625,63423.515625,17334827993,-0.004823625063903991,-0.005272966802647994,-0.011265004482557628,0.0031863484195515657,0.016585449011342627,41.285521321674395,-0.01351027820882443,-0.0030249059037137094,0.28449514064217984,0.15067355352423625,0.011533090916022948
2024-04-29,63841.12109375,64174.87890625,61795.45703125,63106.36328125,26635912073,0.011533090916022948,-0.004823625063903991,-0.005272966802647994,-0.011265004482557628,0.016944316203239076,51.539056955409556,-0.01319330359327057,-0.002166345030527877,0.3773539463671522,0.1412338376566403,-0.050191249309274655
2024-04-30,60636.85546875,64703.33203125,59120.06640625,63839.41796875,37840840057,-0.050191249309274655,0.011533090916022948,-0.004823625063903991,-0.005272966802647994,0.02193412937869667,40.25950307289871,-0.01781322456920661,-0.005429012805171135,0.03932420144148457,0.1290283983030247,-0.03929695449375714
2024-05-01,58254.01171875,60780.5,56555.29296875,60609.49609375,48439780271,-0.03929695449375714,-0.050191249309274655,0.011533090916022948,-0.004823625063903991,0.024070416407018704,40.6393363536905,-0.024792673157971026,-0.009926769115148438,-0.17457520182907485,0.13052783878444868,0.014924669552331737
2024-05-02,59123.43359375,59602.296875,56937.203125,58253.703125,32711813559,0.014924669552331737,-0.03929695449375714,-0.050191249309274655,0.011533090916022948,0.021716592022697184,35.15015226939815,-0.027801986311798317,-0.010348865815180582,0.0026482071281072623,0.13783984873413632,0.06370405294167747
2024-05-03,62889.8359375,63320.50390625,58848.3125,59122.30078125,33172023048,0.06370405294167747,0.014924669552331737,-0.03929695449375714,-0.050191249309274655,0.03240167669932592,47.38194991310196,-0.023546694420367643,-0.004874859138999925,0.4385092878852253,0.13807673541599402,0.015926845790239064
2024-05-04,63891.47265625,64494.95703125,62599.3515625,62891.03125,20620477992,0.015926845790239064,0.06370405294167747,0.014924669552331737,-0.03929695449375714,0.0314800069670429,46.94728256686009,-0.019665225959250892,-0.0007947125423065395,0.5653514127193807,0.13419950415149343,0.002185896653241981
2024-05-05,64031.1328125,64610.890625,62955.3046875,63892.453125,18296164805,0.002185896653241981,0.015926845790239064,0.06370405294167747,0.014924669552331737,0.03146978742392937,47.53128762952741,-0.01647890593404249,0.0019132859863214904,0.5780167552312689,0.1344920575936308,-0.013574390387488533
2024-05-06,63161.94921875,65494.90234375,62746.23828125,64038.3125,28697928697,-0.013574390387488533,0.002185896653241981,0.015926845790239064,0.06370405294167747,0.03156786104756058,39.24933992777193,-0.015116365506972094,0.002620661130713511,0.4798191392214208,0.1344221769738013,-0.01309542885757653
2024-05-07,62334.81640625,64390.45703125,62285.98046875,63162.76171875,25930730982,-0.01309542885757653,-0.013574390387488533,0.002185896653241981,0.015926845790239064,0.03179569097287107,38.359151911677976,-0.014939198308377326,0.0022382626634466236,0.37401781649201576,0.13171825689742703,-0.018398626419713127
2024-05-08,61187.94140625,62986.0859375,60877.12890625,62332.640625,26088172222,-0.018398626419713127,-0.01309542885757653,-0.013574390387488533,0.002185896653241981,0.032250767347024964,40.64439907141188,-0.016239474405025732,0.0007503892534385728,0.25715861270062207,0.1355370083245658,0.03043115176709965
2024-05-09,63049.9609375,63404.9140625,60648.07421875,61191.19921875,25453338161,0.03043115176709965,-0.018398626419713127,-0.01309542885757653,-0.013574390387488533,0.033694168985370976,46.05922828493691,-0.014000163562795001,0.0023917600765354444,0.4788810059721798,0.1353800547083033,-0.035799920573900024
2024-05-10,60792.77734375,63446.7421875,60208.78125,63055.19140625,27804954694,-0.035799920573900024,0.03043115176709965,-0.018398626419713127,-0.01309542885757653,0.03158883099505108,42.47955955291313,-0.01588648913319066,0.0004043476049118283,0.24260740400555594,0.13734515529853858,1.5356984674586016e-05
2024-05-11,60793.7109375,61451.15234375,60492.625,60793.35546875,13842272968,1.5356984674586016e-05,-0.035799920573900024,0.03043115176709965,-0.018398626419713127,0.02833685745201851,43.21992418856179,-0.01677459254413097,-0.00038700464482278527,0.26720696865853105,0.13816240700525056,0.010768936188532141
2024-05-12,61448.39453125,61818.15625,60632.6015625,60793.50390625,13800459405,0.010768936188532141,1.5356984674586016e-05,-0.035799920573900024,0.03043115176709965,0.028199277006743614,45.776700356772395,-0.016245421409354713,0.00011373319196277681,0.36082291163132146,0.12592577488171805,0.023646747788683697
2024-05-13,62901.44921875,63422.66015625,60769.83984375,61451.21875,27889181179,0.023646747788683697,0.010768936188532141,1.5356984674586016e-05,-0.035799920573900024,0.020642703305005762,47.70086071969532,-0.013578285790621371,0.002224695048556895,0.5759839660562508,0.11229881211121621,-0.02144084393922019
2024-05-14,61552.7890625,63092.125,61123.765625,62900.7734375,28186271527,-0.02144084393922019,0.023646747788683697,0.010768936188532141,1.5356984674586016e-05,0.020862633446579473,52.464878381784885,-0.013630563493156824,0.0017379338768171541,0.39996162077926123,0.10926709668891035,0.07659609250545496
2024-05-15,66267.4921875,66454.453125,61330.41015625,61553.98828125,39815167074,0.07659609250545496,-0.02144084393922019,0.023646747788683697,0.010768936188532141,0.03291487027682326,69.16041653863174,-0.006662542527646454,0.006964763873862021,1.0293015356261135,0.11959599752415256,-0.01563225228621834
2024-05-16,65231.58203125,66712.4296875,64613.0546875,66256.109375,31573077994,-0.01563225228621834,0.07659609250545496,-0.02144084393922019,0.023646747788683697,0.03304254934278834,64.4893659685047,-0.0031839188841362364,0.00835471001389779,0.8634534433636778,0.1250293225805473,0.02790508695432159
2024-05-17,67051.875,67459.4609375,65119.31640625,65231.296875,28031279310,0.02790508695432159,-0.01563225228621834,0.07659609250545496,-0.02144084393922019,0.03326866764290011,60.87720666572202,0.001835504652050736,0.010699306840067813,1.0076411299157433,0.14084033211319832,-0.0016564833198177142
2024-05-18,66940.8046875,67387.328125,66663.5,67066.2109375,16712277406,-0.0016564833198177142,0.02790508695432159,-0.01563225228621834,0.07659609250545496,0.03220758742152542,58.35828984992684,0.00555652702854862,0.011536263373252557,0.9329292171145376,0.15351222035978718,-0.009895869986810912
2024-05-19,66278.3671875,67694.296875,65937.1796875,66937.9296875,19249094538,-0.009895869986810912,-0.0016564833198177142,0.02790508695432159,-0.01563225228621834,0.03181557635393595,55.988108967820104,0.00769286305033192,0.010938079516028685,0.8353934254104421,0.16058864137765155,0.07800174241430358
2024-05-20,71448.1953125,71483.5625,66086.171875,66278.7421875,43850655717,0.07800174241430358,-0.009895869986810912,-0.0016564833198177142,0.02790508695432159,0.03555440229539445,67.96298131028684,0.014339320557636329,0.014067629618666476,1.1450239978783432,0.19593338673455207,-0.018358253231772315
2024-05-21,70136.53125,71946.4609375,69191.125,71443.0625,46932005990,-0.018358253231772315,0.07800174241430358,-0.009895869986810912,-0.0016564833198177142,0.03696664108475546,66.56463123846649,0.01869814971067412,0.014741167017363414,0.977461450934528,0.19989671174226137,-0.01446030042296964
2024-05-22,69122.3359375,70623.6953125,68977.6953125,70135.3203125,32802561717,-0.01446030042296964,-0.018358253231772315,0.07800174241430358,-0.009895869986810912,0.03812963337346737,66.94178934948593,0.020837791847427033,0.01350464732329306,0.8620106014839461,0.19678367171018446,-0.017255976976508713
2024-05-23,67929.5625,70041.2734375,66356.953125,69121.3046875,41895680979,-0.017255976976508713,-0.01446030042296964,-0.018358253231772315,0.07800174241430358,0.03898187264239477,60.72562924456308,0.021048402482738,0.010972206366883222,0.7434189222235513,0.19989117127738787,0.008781729788116976
2024-05-24,68526.1015625,69220.296875,66622.671875,67928.1328125,29197308153,0.008781729788116976,-0.017255976976508713,-0.01446030042296964,-0.018358253231772315,0.03755854397317132,68.33693113287431,0.021201230204689704,0.00890002727106794,0.7636408373348237,0.20518621221903094,0.010796524727518797
2024-05-25,69265.9453125,69579.3203125,68515.8203125,68526.921875,15473071741,0.010796524727518797,0.008781729788116976,-0.017255976976508713,-0.01446030042296964,0.029838471069465286,69.40888804889887,0.021848291237423906,0.007637670643041713,0.788882749196917,0.21186248875163524,-0.010796814497022966
2024-05-26,68518.09375,69506.2265625,68183.890625,69264.2890625,15628433737,-0.010796814497022966,0.010796524727518797,0.008781729788116976,-0.017255976976508713,0.02950750607671158,66.12700377582838,0.02165622011487818,0.005956479616396788,0.7132590683208755,0.21315059838446687,0.012791671360530277
2024-05-27,69394.5546875,70597.8828125,68232.5,68512.1796875,25870990717,0.012791671360530277,-0.010796814497022966,0.010796524727518797,0.008781729788116976,0.028594318458658757,65.2118717822334,0.021813496828155803,0.004891005063739528,0.7495989384449995,0.2129705362857059,-0.015827408107827234
2024-05-28,68296.21875,69514.640625,67227.15625,69392.1953125,32722265965,-0.015827408107827234,0.012791671360530277,-0.010796814497022966,0.010796524727518797,0.02923838496425367,65.98582320528757,0.020971772670454473,0.003239424724830558,0.6522783126963455,0.2031002176914217,-0.01051485738366742
2024-05-29,67578.09375,68852.4609375,67101.4921875,68296.3515625,26707072906,-0.01051485738366742,-0.015827408107827234,0.012791671360530277,-0.010796814497022966,0.029267895958561396,53.83321558064566,0.019161146306227003,0.001143038688482468,0.5839495848295733,0.1978964685103731,0.011644282841286824
2024-05-30,68364.9921875,69500.5390625,67118.078125,67576.0859375,29509712534,0.011644282841286824,-0.01051485738366742,-0.015827408107827234,0.012791671360530277,0.013448733268838498,59.29998606427546,0.018068098113195295,3.999239636060664e-05,0.6249848659209081,0.18103426489707178,-0.012778150001159894
2024-05-31,67491.4140625,68999.5625,66633.421875,68362.515625,27387283769,-0.012778150001159894,0.011644282841286824,-0.01051485738366742,-0.015827408107827234,0.012906368642281616,51.382232947071685,0.016368431059078422,-0.0013277397262050142,0.5284865532875042,0.15892637450665353,0.0031933460054698326
2024-06-01,67706.9375,67839.765625,67386.1953125,67489.609375,11641495604,0.0031933460054698326,-0.012778150001159894,0.011644282841286824,-0.01051485738366742,0.012480761953536203,52.39355846833737,0.014874261696821019,-0.0022575272707699347,0.5224459301160063,0.1364729414452888,0.0006596674454519835
2024-06-02,67751.6015625,68409.1640625,67315.5234375,67710.2734375,17110588415,0.0006596674454519835,0.0031933460054698326,-0.012778150001159894,0.011644282841286824,0.011274522231491054,54.78749332298863,0.01361857021655219,-0.0028105750008310115,0.5010979107542699,0.12002822365649354,0.015544720172089965
2024-06-03,68804.78125,70230.8203125,67589.8359375,67753.8984375,32401285324,0.015544720172089965,0.0006596674454519835,0.0031933460054698326,-0.012778150001159894,0.01204967608525313,38.27196011405096,0.013517165519349625,-0.002329583758426861,0.6225428935682689,0.08381530502702239,0.025622992224831664
2024-06-04,70567.765625,71047.40625,68564.640625,68804.5703125,33149696545,0.025622992224831664,0.015544720172089965,0.0006596674454519835,0.0031933460054698326,0.014184370262904384,51.83958749088506,0.015103986272212346,-0.000594210404451314,0.8850549487857314,0.08543248515097662,0.007298724608017615
2024-06-05,71082.8203125,71735.4140625,70390.7109375,70568.3515625,32810771409,0.007298724608017615,0.025622992224831664,0.015544720172089965,0.0006596674454519835,0.01351545282398618,58.73515029323472,0.016898570873734656,0.0009602993576567978,0.9434826764317688,0.08117264273067526,-0.004581363662391591
2024-06-06,70757.1640625,71625.734375,70119.125,71082.84375,25223152007,-0.004581363662391591,0.007298724608017615,0.025622992224831664,0.015544720172089965,0.013341471618508946,63.65371687511931,0.017914359851103075,0.001580870668020172,0.8449092089267602,0.08255895690603732,-0.01999201273457618
2024-06-07,69342.5859375,71907.8515625,68507.2578125,70759.1875,36188381096,-0.01999201273457618,-0.004581363662391591,0.007298724608017615,0.025622992224831664,0.014009003940794565,53.65391473383166,0.017194058383731052,0.0006884553605185188,0.5783171418137997,0.0786261501541381,-0.0005308786729295578
2024-06-08,69305.7734375,69533.3203125,69210.7421875,69324.1796875,14262185861,-0.0005308786729295578,-0.01999201273457618,-0.004581363662391591,0.007298724608017615,0.013391034426160414,50.19020656328304,0.016113659666341075,-0.0003135546854971666,0.5490011081746388,0.0697890389125165,0.00493781012787653
2024-06-09,69647.9921875,69817.5234375,69160.84375,69297.4921875,13534028500,0.00493781012787653,-0.0005308786729295578,-0.01999201273457618,-0.004581363662391591,0.013051845074269415,55.61352615003404,0.01539429194495928,-0.0008263379255031723,0.6549213100140849,0.06254946818420956,-0.0019485261992140401
2024-06-10,69512.28125,70146.0703125,69232.421875,69644.3125,20597699541,-0.0019485261992140401,0.00493781012787653,-0.0005308786729295578,-0.01999201273457618,0.012110505178142807,50.63135534634673,0.014590274657301637,-0.001304284170528653,0.6339981476692552,0.06103836367105953,-0.03136496113771259
2024-06-11,67332.03125,69549.4140625,66123.6015625,69508.078125,37116136345,-0.03136496113771259,-0.0019485261992140401,0.00493781012787653,-0.0005308786729295578,0.016271576529774186,45.3668150795498,0.011633360191222044,-0.0034089589092865975,0.15645062806892363,0.0645408291442731,0.013502581655740586
2024-06-12,68241.1875,69977.890625,66902.453125,67321.375,34497940694,0.013502581655740586,-0.03136496113771259,-0.0019485261992140401,0.00493781012787653,0.016863673970422852,53.128903018604724,0.009759321907988077,-0.004226397754016453,0.35601334244449817,0.06385292772418867,-0.021757960505889518
2024-06-13,66756.3984375,68365.78125,66304.5625,68243.1015625,28955204146,-0.021757960505889518,0.013502581655740586,-0.03136496113771259,-0.0019485261992140401,0.01736985305159649,42.878645759837084,0.006711623510388484,-0.005819276921292838,0.07574730025365158,0.0695459625502405,-0.011164543099157487
2024-06-14,66011.09375,67294.6484375,65056.89453125,66747.5703125,27403884779,-0.011164543099157487,-0.021757960505889518,0.013502581655740586,-0.03136496113771259,0.014283584004986027,43.371234781172845,0.0032226344635990153,-0.007446612774465847,0.012659193775707525,0.07810617059190605,0.0027253941690672523
2024-06-15,66191.0,66402.1875,65871.7734375,66006.7421875,14121265576,0.0027253941690672523,-0.011164543099157487,-0.021757960505889518,0.013502581655740586,0.01385740346451754,43.19002101533403,0.0006087517147881226,-0.008048396418621392,0.09972140883051012,0.08445225177832365,0.006768999939568809
2024-06-16,66639.046875,66894.84375,66018.25,66189.359375,13281140541,0.006768999939568809,0.0027253941690672523,-0.011164543099157487,-0.021757960505889518,0.014527740499699711,45.176917809100686,-0.0008932135705659496,-0.007640289363180372,0.20934279409398845,0.08705795197985094,-0.0022321747830370553
2024-06-17,66490.296875,67188.3203125,65094.96484375,66636.515625,30006354476,-0.0022321747830370553,0.006768999939568809,0.0027253941690672523,-0.011164543099157487,0.013671541110646283,39.11263174915842,-0.002239645717137808,-0.007189377207801785,0.210851554524174,0.09058873321883743,-0.02029695827328193
2024-06-18,65140.74609375,66556.703125,64066.95703125,66490.9765625,39481285950,-0.02029695827328193,-0.0022321747830370553,0.006768999939568809,0.0027253941690672523,0.014500874836810064,23.438069378692063,-0.004987822269335764,-0.007950043007999792,0.054743637445256205,0.09938776336279807,-0.0027701435671353414
2024-06-19,64960.296875,65695.3515625,64693.30078125,65146.66015625,21103423504,-0.0027701435671353414,-0.02029695827328193,-0.0022321747830370553,0.006768999939568809,0.01404774922631129,19.019268796188456,-0.007288929165087485,-0.008200919923001211,0.08803753564578914,0.10805373539965327,-0.00202647819256907
2024-06-20,64828.65625,66438.9609375,64547.84765625,64960.296875,25641109124,-0.00202647819256907,-0.0027701435671353414,-0.02029695827328193,-0.0022321747830370553,0.014044746101495132,19.40018887751752,-0.00917812628301716,-0.008072093632744708,0.1154073089144262,0.11591317444455282,-0.011298352821403679
2024-06-21,64096.19921875,65007.546875,63378.89453125,64837.98828125,26188171739,-0.011298352821403679,-0.00202647819256907,-0.0027701435671353414,-0.02029695827328193,0.011324988141007231,20.869729678379002,-0.011574138134991266,-0.008374484387775051,0.08188804675821527,0.12641107405768048,0.0024397531859308152
2024-06-22,64252.578125,64475.46875,63929.7578125,64113.86328125,9858198793,0.0024397531859308152,-0.011298352821403679,-0.00202647819256907,-0.0027701435671353414,0.009765432325273491,22.310073205188573,-0.013010915714946768,-0.007849009574184442,0.14271443499982855,0.13457649489618162,-0.01668075089399379
2024-06-23,63180.796875,64491.703125,63180.796875,64248.96484375,11170471802,-0.01668075089399379,0.0024397531859308152,-0.011298352821403679,-0.00202647819256907,0.008950895738862005,17.185495673628083,-0.015601293060996153,-0.008351509536187062,0.08686369822386458,0.1453395792127976,-0.04595356431233677
2024-06-24,60277.4140625,63292.52734375,58601.69921875,63173.3515625,43152133651,-0.04595356431233677,-0.01668075089399379,0.0024397531859308152,-0.011298352821403679,0.0156619731886485,13.41712284506771,-0.02195478688647499,-0.011764002689332718,-0.08150172505764341,0.16564361608295808,0.025336630415439876
2024-06-25,61804.640625,62258.26171875,60239.75,60266.28125,29201215431,0.025336630415439876,-0.04595356431233677,-0.01668075089399379,0.0024397531859308152,0.018841483085722626,26.909208757911998,-0.023477641705604534,-0.01062948600676981,0.09939317976183717,0.16708781071780254,-0.016072632592061153
2024-06-26,60811.27734375,62434.13671875,60695.1875,61789.67578125,22506003064,-0.016072632592061153,0.025336630415439876,-0.04595356431233677,-0.01668075089399379,0.01841069302409764,19.17824068447534,-0.026536922872931433,-0.010951013739277366,0.06070266784628549,0.17070135076853143,0.013048951973404943
2024-06-27,61604.80078125,62293.86328125,60585.33203125,60811.2265625,21231745045,0.013048951973404943,-0.016072632592061153,0.025336630415439876,-0.04595356431233677,0.019624879552021964,27.329230343968305,-0.026938447943966822,-0.009082031048250203,0.16716068677577856,0.17236787866005587,-0.020853310881755127
2024-06-28,60320.13671875,62126.09765625,59985.40234375,61612.8046875,24952866877,-0.020853310881755127,0.013048951973404943,-0.016072632592061153,0.025336630415439876,0.019666163065684028,26.090668322673125,-0.029492374527643903,-0.009308766105541825,0.10047635249555682,0.17680753787389464,0.009403861104374522
2024-06-29,60887.37890625,61097.62109375,60300.96484375,60319.875,12652903396,0.009403861104374522,-0.020853310881755127,0.013048951973404943,-0.016072632592061153,0.020355059162688833,28.42031314320954,-0.029678465438167042,-0.007595885612851971,0.17738542487391065,0.1721098127557235,0.029413551620566913
2024-06-30,62678.29296875,62892.828125,60632.94921875,60888.4453125,17333226409,0.029413551620566913,0.009403861104374522,-0.020853310881755127,0.013048951973404943,0.023297924056606488,35.47186669948782,-0.026573317745938088,-0.003592590336498412,0.35701277418220717,0.15780421820112547,0.002771094932125795
2024-07-01,62851.98046875,63777.2265625,62495.51171875,62673.60546875,25468379421,0.002771094932125795,0.029413551620566913,0.009403861104374522,-0.020853310881755127,0.023173760626199472,36.67894449747325,-0.02421391714675862,-0.0009865517898551557,0.39192887993142084,0.15193301383775762,-0.013093697885290578
2024-07-02,62029.015625,63203.359375,61752.74609375,62844.41015625,20151616992,-0.013093697885290578,0.002771094932125795,0.029413551620566913,0.009403861104374522,0.023384001538197304,38.15001024932487,-0.023499178008906045,-0.00021745012160206273,0.32510770520147697,0.14041143947452034,-0.02990687070088416
2024-07-03,60173.921875,62187.703125,59419.38671875,62034.33203125,29756701685,-0.02990687070088416,-0.013093697885290578,0.002771094932125795,0.029413551620566913,0.024570846830454598,33.83453309923782,-0.025570160655100344,-0.0018307462142370876,0.15325996700182268,0.1407575209656425,-0.05311634426354228
2024-07-04,56977.703125,60399.67578125,56777.8046875,60147.13671875,41149609230,-0.05311634426354228,-0.02990687070088416,-0.013093697885290578,0.002771094932125795,0.025974904861858158,28.031793195142228,-0.03228584340704745,-0.006837143172947355,-0.0753829714759047,0.16137673367243796,-0.005534237213954074
2024-07-05,56662.375,57497.15234375,53717.375,57022.80859375,55417544033,-0.005534237213954074,-0.05311634426354228,-0.02990687070088416,-0.013093697885290578,0.02365959346263271,28.701803833019255,-0.03670026994072681,-0.009001255765301367,-0.015305069319840102,0.1765528695597945,0.02896391234041995
2024-07-06,58303.5390625,58472.546875,56038.9609375,56659.07421875,20610320577,0.02896391234041995,-0.005534237213954074,-0.05311634426354228,-0.02990687070088416,0.026186949985411385,34.292182076745576,-0.036239705792316175,-0.006832553293512584,0.16489838465486809,0.17413734963858865,-0.042097439142912196
2024-07-07,55849.109375,58371.12109375,55793.32421875,58239.4296875,20553359505,-0.042097439142912196,0.02896391234041995,-0.005534237213954074,-0.05311634426354228,0.02796931044967564,31.958722852227993,-0.041375248067843366,-0.009574476455231816,0.0046371556517871065,0.1820409905591199,0.015326802715911692
2024-07-08,56705.09765625,58131.3359375,54321.01953125,55849.57421875,39766159899,0.015326802715911692,-0.042097439142912196,0.02896391234041995,-0.005534237213954074,0.028655492711284005,40.22451338650752,-0.04181595361806624,-0.008012145604363752,0.12430528093129556,0.18589664724896637,0.02299844211812685
2024-07-09,58009.2265625,58239.1953125,56316.875,56704.59765625,27849512607,0.02299844211812685,0.015326802715911692,-0.042097439142912196,0.02896391234041995,0.029757523406948507,39.485636742582464,-0.03943252186649568,-0.004502971082234554,0.26239081994702496,0.18093656783312773,-0.004598069730556098
2024-07-10,57742.49609375,59359.43359375,57178.4140625,58033.8828125,26175260526,-0.004598069730556098,0.02299844211812685,0.015326802715911692,-0.042097439142912196,0.027302272053659142,41.14199454633853,-0.038395661851923245,-0.0027728888541296917,0.2600665416629008,0.1741802042465551,-0.006885432015347748
2024-07-11,57344.9140625,59299.43359375,57120.37890625,57729.890625,28707803842,-0.006885432015347748,-0.004598069730556098,0.02299844211812685,0.015326802715911692,0.027055369008835938,37.41624627777261,-0.03781266055557106,-0.0017519100462220077,0.24597229435703796,0.1693856908752815,0.009670444019596935
2024-07-12,57899.46484375,58532.5546875,56590.17578125,57341.1953125,25604805221,0.009670444019596935,-0.006885432015347748,-0.004598069730556098,0.02299844211812685,0.02760551064593981,42.52695612493615,-0.03560070943761542,0.0003680328573869088,0.3191340051126107,0.1582665023906381,0.023013827240820017
2024-07-13,59231.953125,59787.078125,57796.44140625,57908.73828125,17080061806,0.023013827240820017,0.009670444019596935,-0.006885432015347748,-0.004598069730556098,0.027695957779028973,45.119982681131305,-0.03119203024778314,0.003821369637775348,0.48000003276574815,0.14836669713115,0.026266900915231206
2024-07-14,60787.79296875,61329.52734375,59225.25,59225.25,22223416061,0.026266900915231206,0.023013827240820017,0.009670444019596935,-0.006885432015347748,0.021951072474767963,44.34868490807599,-0.025251301375966366,0.007809678807673699,0.6526838293429834,0.1492122047166673,0.06715755212726138
2024-07-15,64870.15234375,64870.15234375,60704.9296875,60815.45703125,38094526099,0.06715755212726138,0.026266900915231206,0.023013827240820017,0.009670444019596935,0.02850313077689238,54.89019836343446,-0.014597009238692797,0.014771176755957816,1.032578079464262,0.16647748718589467,0.003499237870556282
2024-07-16,65097.1484375,65354.33984375,62487.96875,64784.41796875,41617346768,0.003499237870556282,0.06715755212726138,0.026266900915231206,0.023013827240820017,0.028151230948573313,57.65544279309889,-0.0070245776050625545,0.01787488671167045,0.9795864676830214,0.1846527459666735,-0.01502916014346345
2024-07-17,64118.79296875,66066.734375,63896.0859375,65091.83203125,32525071311,-0.01502916014346345,0.003499237870556282,0.06715755212726138,0.026266900915231206,0.0233185060651709,60.29338827559931,-0.0022848342825805643,0.018091704027321957,0.8612673345537355,0.1936180602685893,-0.0022571629283560934
2024-07-18,63974.06640625,65104.66015625,63246.1640625,64104.73828125,27239305337,-0.0022571629283560934,-0.01502916014346345,0.003499237870556282,0.06715755212726138,0.023875570139946827,71.71344879933255,0.0013616691323245773,0.01739056595378168,0.8179387524023491,0.20220307174327826,0.042768734230136385
2024-07-19,66710.15625,67442.640625,63329.34375,63972.32421875,37003855410,0.042768734230136385,-0.0022571629283560934,-0.01502916014346345,0.003499237870556282,0.025607894655675093,77.11010812289763,0.007306413205564989,0.018668248021617675,0.9670621598351881,0.22364702084634164,0.0067979482134701286
2024-07-20,67163.6484375,67610.734375,66299.6171875,66709.921875,19029581250,0.0067979482134701286,0.042768734230136385,-0.0022571629283560934,-0.01502916014346345,0.02491463660255789,75.5426461519612,0.012382578391970179,0.01899553056641829,0.9451188554061458,0.24229856663606833,0.014753144342986024
2024-07-21,68154.5234375,68372.90625,65842.296875,67164.9140625,26652190004,0.014753144342986024,0.0067979482134701286,0.042768734230136385,-0.0022571629283560934,0.023662598186571123,88.74451090341454,0.01718059155388908,0.01903483498266975,0.9521146389047226,0.26387334970682524,-0.00835268752223095
2024-07-22,67585.25,68480.0625,66611.296875,68152.9765625,42649109453,-0.00835268752223095,0.014753144342986024,0.0067979482134701286,0.042768734230136385,0.024988352899771235,84.8868455457544,0.020388965887901192,0.017794567453345494,0.8745684805470905,0.28008410856281846,-0.02452573786440093
2024-07-23,65927.671875,67779.015625,65484.4609375,67584.8046875,35605668666,-0.02452573786440093,-0.00835268752223095,0.014753144342986024,0.0067979482134701286,0.027836354927372266,74.82747961011323,0.02111839262288729,0.014819195350665271,0.7538392380558452,0.2866635678475623,-0.008426492953570563
2024-07-24,65372.1328125,67113.984375,65146.99609375,65927.859375,27470942309,-0.008426492953570563,-0.02452573786440093,-0.00835268752223095,0.014753144342986024,0.027899016990100944,73.49641548560264,0.020548537772314582,0.011399472400074051,0.7007367614244938,0.28151892650326504,0.00619673448871394
2024-07-25,65777.2265625,66112.421875,63473.47265625,65375.875,38315761670,0.00619673448871394,-0.008426492953570563,-0.02452573786440093,-0.00835268752223095,0.018538668029202784,75.95634631099345,0.020097081578664185,0.008758412965138924,0.7024047286861715,0.2731429920858858,0.032455548053117234
2024-07-26,67912.0625,68207.6015625,65743.765625,65771.8125,30488630457,0.032455548053117234,0.00619673448871394,-0.008426492953570563,-0.02452573786440093,0.020979046156829603,78.08812387583399,0.02150460152990131,0.008132746333100837,0.7951909703622934,0.2750822400218892,-0.0014537411892032726
2024-07-27,67813.3359375,69398.5078125,66705.21875,67911.8125,34691905492,-0.0014537411892032726,0.032455548053117234,0.00619673448871394,-0.008426492953570563,0.01999553875965187,75.86345981053849,0.02277439966743784,0.007522035576509892,0.7666283830452245,0.2604551274490681,0.006525726007755361
2024-07-28,68255.8671875,68301.8515625,67085.828125,67808.65625,18043166945,0.006525726007755361,-0.0014537411892032726,0.032455548053117234,0.00619673448871394,0.019794403833430962,74.12718448390791,0.023850121044057683,0.006878205562503788,0.7704700837558077,0.2466373718007103,-0.021037797689324123
2024-07-29,66819.9140625,69987.5390625,66532.59375,68259.0546875,40780682628,-0.021037797689324123,0.006525726007755361,-0.0014537411892032726,0.032455548053117234,0.01694547409512566,57.59840852343601,0.023349811011333522,0.005102316423823701,0.6603757490378909,0.23149716948121582,-0.009262185475442442
2024-07-30,66201.015625,66987.671875,65323.19140625,66819.0546875,31380492109,-0.009262185475442442,-0.021037797689324123,0.006525726007755361,-0.0014537411892032726,0.01702137464031464,54.17436770715405,0.02175279001680104,0.0028042363434329746,0.5994134940892281,0.2094230887754753,-0.023893373992326827
2024-07-31,64619.25,66810.2109375,64532.046875,66201.2734375,31292785994,-0.023893373992326827,-0.009262185475442442,-0.021037797689324123,0.006525726007755361,0.017352428941533552,51.80992157482122,0.018621548579807363,-0.00026160407484856346,0.44872955256226515,0.17804905061284884,0.011424614182306447
2024-08-01,65357.5,65593.2421875,62248.94140625,64625.83984375,40975554494,0.011424614182306447,-0.023893373992326827,-0.009262185475442442,-0.021037797689324123,0.018062826779861124,54.79729164109938,0.01626445804549852,-0.002094955687325928,0.4754061234133279,0.1425702959181769,-0.06032105869640059
2024-08-02,61415.06640625,65523.22265625,61184.89453125,65353.5,43060875727,-0.06032105869640059,0.011424614182306447,-0.023893373992326827,-0.009262185475442442,0.024980687500914908,33.055979368324955,0.010200553669324973,-0.006527088050799582,-0.019664460337475004,0.12541115503946185,-0.011967302150066583
2024-08-03,60680.09375,62148.37109375,59836.52734375,61414.80859375,31753030589,-0.011967302150066583,-0.06032105869640059,0.011424614182306447,-0.023893373992326827,0.025031672847116777,29.62008505639075,0.0036038551455596654,-0.010499029259651915,-0.10422555464076988,0.12624983790386266,-0.04223983565450573
2024-08-04,58116.9765625,61062.98828125,57210.8046875,60676.09375,31758917219,-0.04223983565450573,-0.011967302150066583,-0.06032105869640059,0.011424614182306447,0.026790197808252196,21.28678751428056,-0.005295613094967383,-0.01551879800014317,-0.1759776557475033,0.16380732393018022,-0.07098647891315102
2024-08-05,53991.45703125,58268.828125,49121.23828125,58110.296875,108991085584,-0.07098647891315102,-0.04223983565450573,-0.011967302150066583,-0.06032105869640059,0.0276833013138139,17.688010154103566,-0.019370058935993563,-0.02367459507293548,-0.23181249794506048,0.22789532679571514,0.03783671505322772
2024-08-06,56034.31640625,57059.91796875,53973.2734375,53991.34765625,49300484106,0.03783671505322772,-0.07098647891315102,-0.04223983565450573,-0.011967302150066583,0.033210493664208855,26.90680125835962,-0.025862416282142496,-0.02413356193526753,6.068907927575831e-05,0.2596752812692415,-0.017968550940289485
2024-08-07,55027.4609375,57726.8828125,54620.5078125,56040.6328125,41637562185,-0.017968550940289485,0.03783671505322772,-0.07098647891315102,-0.04223983565450573,0.03205154961825606,26.351589803085588,-0.03323819842026571,-0.025207475258712593,0.023225298256895312,0.2925488555196847,0.12144256099404904
2024-08-08,61710.13671875,62673.765625,54766.7265625,55030.02734375,45298472567,0.12144256099404904,-0.017968550940289485,0.03783671505322772,-0.07098647891315102,0.05523723981495263,42.77588397285965,-0.025484752005725975,-0.013963223075338288,0.39330737460483534,0.29232143766479746,-0.013450358103773374
2024-08-09,60880.11328125,61751.86328125,59587.859375,61728.20703125,33425553115,-0.013450358103773374,0.12144256099404904,-0.017968550940289485,0.03783671505322772,0.05527558692659748,36.902479594273345,-0.023326452991474882,-0.009443939248869757,0.36460317679316273,0.29160033227799487,0.001079157301276501
2024-08-10,60945.8125,61464.51171875,60287.56640625,60881.23046875,15745822278,0.001079157301276501,-0.013450358103773374,0.12144256099404904,-0.017968550940289485,0.05499156826444834,37.1929779575562,-0.020988692192237573,-0.005684942759705956,0.38486798356694346,0.28615753399291954,-0.036529632368097475
2024-08-11,58719.484375,61778.66015625,58348.82421875,60944.890625,22759754812,-0.036529632368097475,0.001079157301276501,-0.013450358103773374,0.12144256099404904,0.055535326576097506,33.32529188938871,-0.02268016996775128,-0.005901136428175729,0.284248551492111,0.2858472835452198,0.010814659848586317
2024-08-12,59354.515625,60680.33203125,57688.8984375,58719.39453125,37078637820,0.010814659848586317,-0.036529632368097475,0.001079157301276501,-0.013450358103773374,0.05276200791799998,36.57033347790292,-0.02202259028561563,-0.004194845396832063,0.3374838260088535,0.2862279306818939,0.021144992390795814
2024-08-13,60609.56640625,61572.3984375,58506.25390625,59356.20703125,30327698167,0.021144992390795814,0.010814659848586317,-0.036529632368097475,0.001079157301276501,0.05311853257166116,40.166488303679365,-0.019350588387725694,-0.0012182747991537,0.42041768720884554,0.28418931532254765,-0.0308911115194338
2024-08-14,58737.26953125,61687.7578125,58472.875,60611.05078125,29961696180,-0.0308911115194338,0.021144992390795814,0.010814659848586317,-0.036529632368097475,0.052202694626254084,39.760180235440366,-0.020491147038102606,-0.001887066759624488,0.33280090838632304,0.2835044831291586,-0.020041310813293967
2024-08-15,57560.09765625,59838.6484375,56161.59375,58733.26171875,35682112440,-0.020041310813293967,-0.0308911115194338,0.021144992390795814,0.010814659848586317,0.04642790540021854,36.629984665709934,-0.022722087390157162,-0.0032944056893432355,0.28679027756321773,0.27480199645272113,0.023175912946963972
2024-08-16,58894.10546875,59847.359375,57110.01953125,57560.2734375,29350938673,0.023175912946963972,-0.020041310813293967,-0.0308911115194338,0.021144992390795814,0.04558178857083882,45.25271537801087,-0.02153482425040854,-0.0016857140396756877,0.38502333368384495,0.25827164476646786,0.00993082725079053
2024-08-17,59478.97265625,59694.66796875,58814.83203125,58893.53125,13589684021,0.00993082725079053,0.023175912946963972,-0.020041310813293967,-0.0308911115194338,0.04480729785040351,47.725279025742054,-0.019773884428695813,6.018062562963139e-05,0.44432664179457687,0.23211401845112806,-0.016728732324455264
2024-08-18,58483.96484375,60262.71875,58445.40234375,59468.1328125,17740625837,-0.016728732324455264,0.00993082725079053,0.023175912946963972,-0.020041310813293967,0.021309591885521888,50.738900758791125,-0.020003918752556568,-0.00013588295858489932,0.39242038385358347,0.21077451404202013,0.01726094125025579
2024-08-19,59493.453125,59612.66015625,57864.7109375,58480.7109375,25911207712,0.01726094125025579,-0.016728732324455264,0.00993082725079053,0.023175912946963972,0.022175805772564255,62.66727461915284,-0.018004880970398138,0.0014905238588588249,0.4989165201836096,0.18655160204118926,-0.008079210921579816
2024-08-20,59012.79296875,61396.328125,58610.8828125,59493.453125,31613400008,-0.008079210921579816,0.01726094125025579,-0.016728732324455264,0.00993082725079053,0.022219982761957392,57.38886707462146,-0.017283565806111182,0.0017694712185166266,0.4787728605802017,0.16892149774722406,0.03664287570061453
2024-08-21,61175.19140625,61834.3515625,58823.4453125,59014.98828125,32731154072,0.03664287570061453,-0.008079210921579816,0.01726094125025579,-0.016728732324455264,0.021996488050130582,64.42404153868516,-0.013006884319918614,0.004836922163767356,0.7564499948479956,0.1426625035719421,-0.012967304646127387
2024-08-22,60381.9140625,61408.109375,59815.25390625,61168.31640625,27625734377,-0.012967304646127387,0.03664287570061453,-0.008079210921579816,0.01726094125025579,0.02249657613355271,45.69354750871043,-0.011165852583339147,0.005342363120277459,0.6724526365614544,0.13940310061459732,0.061482671821355916
2024-08-23,64094.35546875,64947.0625,60372.05078125,60380.953125,42530509233,0.061482671821355916,-0.012967304646127387,0.03664287570061453,-0.008079210921579816,0.028998586877864174,58.78029448408943,-0.004293731521713633,0.00977158734552238,1.0324321374350787,0.15750962147065112,0.0013205019089592707
2024-08-24,64178.9921875,64513.7890625,63619.91796875,64103.87109375,21430585163,0.0013205019089592707,0.061482671821355916,-0.012967304646127387,0.03664287570061453,0.026091353734431944,58.82289735944342,0.000736998848916082,0.011841854172921678,0.9609870871369385,0.1730201341148752,0.0024081210374646833
2024-08-25,64333.54296875,64996.421875,63833.51953125,64176.3671875,18827683555,0.0024081210374646833,0.0013205019089592707,0.061482671821355916,-0.012967304646127387,0.024192558581782757,67.27308389662392,0.004846050012752081,0.01276072426940614,0.9457969463829324,0.16380791304150638,-0.022583597070127692
2024-08-26,62880.66015625,64489.70703125,62849.55859375,64342.2265625,27682040631,-0.022583597070127692,0.0024081210374646833,0.0013205019089592707,0.061482671821355916,0.025988086503992557,60.32924775442678,0.006353497940578086,0.011414537757785718,0.7742004582874018,0.1562294092111014,-0.05369739018896724
2024-08-27,59504.1328125,63210.796875,58116.75,62879.70703125,39103882198,-0.05369739018896724,-0.022583597070127692,0.0024081210374646833,0.0013205019089592707,0.03220152965582442,47.119798806968475,0.003266253418142187,0.0066618345882798555,0.3738543258653062,0.13325277223363347,-0.00800797843742207
2024-08-28,59027.625,60236.44921875,57890.67578125,59507.92578125,40289564698,-0.00800797843742207,-0.05369739018896724,-0.022583597070127692,0.0024081210374646833,0.03179848921063836,50.815860742907326,-0.00011192256094213346,0.002626926887356428,0.33189816278965834,0.13394478866298096,0.006108236397788236
2024-08-29,59388.1796875,61184.08203125,58786.2265625,59027.46875,32224990582,0.006108236397788236,-0.00800797843742207,-0.05369739018896724,-0.022583597070127692,0.03137225145374398,55.38373966568031,-0.002276849993154845,0.000369599564114973,0.3861674179615205,0.13466528185737636,-0.004524521990973862
2024-08-30,59119.4765625,59896.88671875,57768.53125,59388.6015625,32292756405,-0.004524521990973862,0.006108236397788236,-0.00800797843742207,-0.05369739018896724,0.03128725324333432,50.70815722992998,-0.004328116760412499,-0.0013453337625141453,0.36506276584551794,0.13560460451162765,-0.002530098940268344
2024-08-31,58969.8984375,59432.59375,58768.78515625,59117.48046875,12403470760,-0.002530098940268344,-0.004524521990973862,0.006108236397788236,-0.00800797843742207,0.02861372874123522,48.35540753330186,-0.006095055895729571,-0.002489818318264973,0.34453166651185746,0.13498222269937113,-0.027885585694078285
2024-09-01,57325.48828125,59062.0703125,57217.82421875,58969.80078125,24592449997,-0.027885585694078285,-0.002530098940268344,-0.004524521990973862,0.006108236397788236,0.029547464197676267,46.40818483805161,-0.009901962520085435,-0.0050373799540966695,0.17011662122803753,0.14150512504109972,0.031172733823612075
2024-09-02,59112.48046875,59403.0703125,57136.02734375,57326.96875,27036454524,0.031172733823612075,-0.027885585694078285,-0.002530098940268344,-0.004524521990973862,0.02277132036290635,48.8731367512776,-0.009841263224476978,-0.00398134452679057,0.38937418433459026,0.1422576748593757,-0.02844504270361159
2024-09-03,57431.0234375,59815.05859375,57425.16796875,59106.19140625,26666961053,-0.02844504270361159,0.031172733823612075,-0.027885585694078285,-0.002530098940268344,0.023380727033569026,45.63165783468278,-0.01254195803382327,-0.005345631468909488,0.20861239289913383,0.1465185822500283,0.00941156177702851
2024-09-04,57971.5390625,58511.5703125,55673.1640625,57430.34765625,35627680312,0.00941156177702851,-0.02844504270361159,0.031172733823612075,-0.027885585694078285,0.023918966631589024,40.28197078577714,-0.013412205360332094,-0.004972703036334649,0.2653990952428112,0.14499176487415422,-0.031240343288065575
2024-09-05,56160.48828125,58300.58203125,55712.453125,57971.703125,31030280656,-0.031240343288065575,0.00941156177702851,-0.02844504270361159,0.031172733823612075,0.024568870069900144,37.93934074921091,-0.017057794685724846,-0.0068946338893819195,0.10127285012753706,0.1556370231571229,-0.03938239218868078
2024-09-06,53948.75390625,56976.109375,52598.69921875,56160.19140625,49361693566,-0.03938239218868078,-0.031240343288065575,0.00941156177702851,-0.02844504270361159,0.022094821797340233,18.29519636838242,-0.02344573521514967,-0.010626059535045395,-0.026931568299295904,0.17993792579334406,0.003539165966313096
2024-09-07,54139.6875,54838.14453125,53740.0703125,53949.0859375,19061486526,0.003539165966313096,-0.03938239218868078,-0.031240343288065575,0.00941156177702851,0.02248168973515301,18.834420909004038,-0.027256653239169572,-0.011549582047252236,0.05414127912772427,0.19801922604991185,0.012964221602682846
2024-09-08,54841.56640625,55300.859375,53653.7578125,54147.93359375,18268287531,0.012964221602682846,0.003539165966313096,-0.03938239218868078,-0.031240343288065575,0.023069390959809546,21.50194424389811,-0.02859172792731758,-0.010307725388320196,0.1536271565578034,0.2102860619509113,0.039713831911113884
2024-09-09,57019.53515625,58041.125,54598.43359375,54851.88671875,34618096173,0.039713831911113884,0.012964221602682846,0.003539165966313096,-0.03938239218868078,0.027550661715658294,33.13715335843574,-0.025408094020621556,-0.005699273185299333,0.3386267434474484,0.21310360638640732,0.011034389872275785
2024-09-10,57648.7109375,58029.9765625,56419.4140625,57020.09765625,28857630507,0.011034389872275785,0.039713831911113884,0.012964221602682846,0.003539165966313096,0.0279224526444797,43.65947842486252,-0.022353000727643433,-0.0021153439138569645,0.401805528545212,0.211930835242934,-0.005300015516934153
2024-09-11,57343.171875,57991.3203125,55567.33984375,57650.2890625,37049062672,-0.005300015516934153,0.011034389872275785,0.039713831911113884,0.012964221602682846,0.026463390800877735,44.17567153607648,-0.020453129372238657,-0.00017237804676174806,0.38937737090054125,0.21225341463161304,0.013669279499548104
2024-09-12,58127.01171875,58534.359375,57330.1015625,57343.171875,33835707949,0.013669279499548104,-0.005300015516934153,0.011034389872275785,0.039713831911113884,0.024719342485372928,45.76327991334945,-0.017311170080000295,0.002375664996381293,0.47397193563905765,0.19503890056299042,0.04205082955798245
2024-09-13,60571.30078125,60648.0234375,57650.11328125,58130.32421875,32490528356,0.04205082955798245,0.013669279499548104,-0.005300015516934153,0.011034389872275785,0.02616079509094327,54.255212210486505,-0.01104922170764251,0.006910090694991265,0.7268902223698448,0.17617249925798226,-0.00934732588201681
2024-09-14,60005.12109375,60656.72265625,59517.8828125,60569.1171875,16428405496,-0.00934732588201681,0.04205082955798245,0.013669279499548104,-0.005300015516934153,0.026530731787066948,52.96184692949939,-0.007379166237142081,0.008464116932393358,0.7271167801567561,0.15011380133365734,-0.013703582981947293
2024-09-15,59182.8359375,60381.91796875,58696.30859375,60000.7265625,18120960867,-0.013703582981947293,-0.00934732588201681,0.04205082955798245,0.013669279499548104,0.024458036565723724,55.57633456811176,-0.005506615860299231,0.008269333847388967,0.6782618814359394,0.1300488574095889,-0.016733367188517922
2024-09-16,58192.5078125,59205.51171875,57501.33984375,59185.2265625,32032822113,-0.016733367188517922,-0.013703582981947293,-0.00934732588201681,0.04205082955798245,0.02057851013562785,47.09919134106528,-0.005320320273965687,0.006764503546978008,0.556485062571399,0.12752805747693802,0.0363626062794542
2024-09-17,60308.5390625,61316.08984375,57628.0703125,58192.5078125,38075570118,0.0363626062794542,-0.016733367188517922,-0.013703582981947293,-0.00934732588201681,0.02236551082385814,58.83120482759679,-0.002064518408638625,0.008016244329844057,0.823249349548365,0.13201003586408944,0.02223798894564699
2024-09-18,61649.6796875,61664.06640625,59218.25390625,60309.0,40990702891,0.02223798894564699,0.0363626062794542,-0.016733367188517922,-0.013703582981947293,0.022643272582859305,60.759594921712164,0.0020910666748456285,0.009737463530662648,0.9472890011257948,0.14259115421016438,0.020937291974474137
2024-09-19,62940.45703125,63872.44140625,61609.8671875,61651.15625,42710252573,0.020937291974474137,0.02223798894564699,0.0363626062794542,-0.016733367188517922,0.020792534185235516,70.45597151462667,0.006815365705303453,0.011569410048896379,1.0127936165792042,0.16085146785591475,0.004012038411551844
2024-09-20,63192.9765625,64119.53125,62364.60546875,62941.42578125,35177164222,0.004012038411551844,0.020937291974474137,0.02223798894564699,0.0363626062794542,0.020876665370935965,81.63037815241738,0.01074959059619521,0.012402907951830508,0.9663155111733921,0.1777637658964748,0.003194394254405042
2024-09-21,63394.83984375,63543.359375,62783.10546875,63184.33984375,14408616220,0.003194394254405042,0.004012038411551844,0.020937291974474137,0.02223798894564699,0.020378104928319006,81.64410741574439,0.013941085588386179,0.012475522355217181,0.9209757624031212,0.1917759868892762,0.004004601863112578
2024-09-22,63648.7109375,63993.421875,62440.7265625,63396.8046875,20183348802,0.004004601863112578,0.003194394254405042,0.004012038411551844,0.020937291974474137,0.02042799167352018,81.06399353872837,0.016562618247505233,0.012077644011468987,0.8935317230267067,0.20552754082966043,-0.005010473135318549
2024-09-23,63329.80078125,64733.55859375,62628.078125,63643.1015625,31400285425,-0.005010473135318549,0.004004601863112578,0.003194394254405042,0.004012038411551844,0.017212939043889725,75.61660188361378,0.01816265124062766,0.010942141603673131,0.8281489158797746,0.21364109628274144,0.01535087678718594
2024-09-24,64301.96875,64695.21484375,62737.41796875,63326.83984375,29938335243,0.01535087678718594,-0.005010473135318549,0.004004601863112578,0.003194394254405042,0.01675591814805196,76.27722474107453,0.020060535751569252,0.01027202089169178,0.8590883840622808,0.22488304272878512,-0.018021597802944433
2024-09-25,63143.14453125,64804.50390625,62945.375,64302.58984375,25078377700,-0.018021597802944433,0.01535087678718594,-0.005010473135318549,0.004004601863112578,0.017394085882358027,71.46067090929326,0.020465207965055077,0.008541354484142082,0.7465487590432889,0.2234232253959746,0.032273891570151925
2024-09-26,65181.01953125,65790.796875,62669.26953125,63138.546875,36873129847,0.032273891570151925,-0.018021597802944433,0.01535087678718594,-0.005010473135318549,0.016977901777252967,73.88426206125965,0.022121212306799334,0.00815788706070907,0.8680760505487725,0.21465870231178663,0.00935309904070647
2024-09-27,65790.6640625,66480.6953125,64852.9921875,65180.6640625,32058813449,0.00935309904070647,0.032273891570151925,-0.018021597802944433,0.01535087678718594,0.014566309592820143,70.17937903747818,0.0241877443063485,0.008179535248206589,0.8871221465668185,0.2032958371183018,0.0014741358273548943
2024-09-28,65887.6484375,66255.53125,65458.03515625,65792.1796875,15243637984,0.0014741358273548943,0.00935309904070647,0.032273891570151925,-0.018021597802944433,0.01390823313447118,73.59954365735437,0.025771383143224937,0.007810539268066418,0.8712521385885641,0.19015551036824133,-0.003829909793174213
2024-09-29,65635.3046875,66069.34375,65450.015625,65888.8984375,14788214575,-0.003829909793174213,0.0014741358273548943,0.00935309904070647,0.032273891570151925,0.013294119274142908,77.12652889630438,0.026542464730037126,0.006865296683902886,0.8202759789393397,0.1844721379638259,-0.035130555094979754
2024-09-30,63329.5,65635.0546875,62873.6171875,65634.65625,37112957475,-0.035130555094979754,-0.003829909793174213,0.0014741358273548943,0.00935309904070647,0.018228538453146634,69.44540228695331,0.02483656720707785,0.004127519328754884,0.5998761182521583,0.17235092527279708,-0.039357521968434894
2024-10-01,60837.0078125,64110.98046875,60189.27734375,63335.60546875,50220923500,-0.039357521968434894,-0.035130555094979754,-0.003829909793174213,0.0014741358273548943,0.02205899986972311,51.945013767260825,0.02011176550874616,-0.0004778258956614455,0.3371461724708339,0.15692296450719084,-0.0033568819965540397
2024-10-02,60632.78515625,62357.6875,59996.94921875,60836.32421875,40762722398,-0.0033568819965540397,-0.039357521968434894,-0.035130555094979754,-0.003829909793174213,0.021888467913995877,45.91552875721931,0.015166702224358179,-0.004338311344039541,0.28849402617184317,0.14548825241765173,0.0020882627636797935
2024-10-03,60759.40234375,61469.0390625,59878.8046875,60632.484375,36106447279,0.0020882627636797935,-0.0033568819965540397,-0.039357521968434894,-0.035130555094979754,0.021989473136868855,40.33575191952201,0.01120962857419066,-0.0066363079953656486,0.30064794279184603,0.14493770323141206,0.021528753876634443
2024-10-04,62067.4765625,62465.9921875,60459.94140625,60754.625,29585472513,0.021528753876634443,0.0020882627636797935,-0.0033568819965540397,-0.039357521968434894,0.0226672402068318,45.439514625373775,0.00951883944184129,-0.006661677702172016,0.43118332634581896,0.139779761259684,0.0003620681473552878
2024-10-05,62089.94921875,62371.0234375,61689.58203125,62067.609375,13305410749,0.0003620681473552878,0.021528753876634443,0.0020882627636797935,-0.0033568819965540397,0.02207825398891929,44.63463022295262,0.0082966401917279,-0.006307101561828326,0.41095562763791227,0.12974617923924284,0.011741093613744757
2024-10-06,62818.953125,62959.5703125,61833.1484375,62084.98828125,14776233667,0.011741093613744757,0.0003620681473552878,0.021528753876634443,0.0020882627636797935,0.019382694126764254,46.716544985086585,0.008088866633843492,-0.005211900095770189,0.46692107271517536,0.10934324910669901,-0.009269383518558882
2024-10-07,62236.66015625,64443.70703125,62152.55078125,62819.109375,34253562610,-0.009269383518558882,0.011741093613744757,0.0003620681473552878,0.021528753876634443,0.018897762131460976,45.7626333318999,0.007236978569975169,-0.00485103052771081,0.35942537413792364,0.10215193597903106,-0.001682150134457161
2024-10-08,62131.96875,63174.3046875,61843.5625,62221.64453125,28134475157,-0.001682150134457161,-0.009269383518558882,0.011741093613744757,0.0003620681473552878,0.01879674624823212,40.98188845281725,0.006304194502752034,-0.004627051675947157,0.33743678290143186,0.10084448440341187,-0.024944762232405493
2024-10-09,60582.1015625,62508.8359375,60314.61328125,62131.7265625,27670982363,-0.024944762232405493,-0.001682150134457161,-0.009269383518558882,0.011741093613744757,0.01972740613452681,39.69182401605468,0.0035916823438523777,-0.0058716510678774505,0.1359087158135119,0.10748881549175648,-0.005077433013489285
2024-10-10,60274.5,61236.72265625,58895.20703125,60581.9296875,30452813570,-0.005077433013489285,-0.024944762232405493,-0.001682150134457161,-0.009269383518558882,0.017233029568150492,27.05542673283206,0.0008987310043909452,-0.0068516819258711064,0.13553517759905537,0.11467984996170277,0.036011743668549645
2024-10-11,62445.08984375,63400.87109375,60046.125,60275.4609375,30327141594,0.036011743668549645,-0.005077433013489285,-0.024944762232405493,-0.001682150134457161,0.016916908699574195,36.348003671277226,0.0015800957864458194,-0.004936253715052986,0.4429777492449122,0.11469584621610061,0.011977460447594401
2024-10-12,63193.0234375,63448.78515625,62443.26953125,62444.6171875,16744110886,0.011977460447594401,0.036011743668549645,-0.005077433013489285,-0.024944762232405493,0.01699763603815193,39.55896090906835,0.0030394594091359213,-0.0027815120738903074,0.5500967153808869,0.11424838589170801,-0.005406426515387475
2024-10-13,62851.375,63272.65234375,62035.63671875,63192.9453125,18177529690,-0.005406426515387475,0.011977460447594401,0.036011743668549645,-0.005077433013489285,0.017267780969605375,39.28706714511792,0.0037518521806020845,-0.0016552954419393152,0.5058488019675149,0.11405114735088968,0.050830232433260125
2024-10-14,66046.125,66482.4921875,62442.15234375,62848.3984375,43706958056,0.050830232433260125,-0.005406426515387475,0.011977460447594401,0.036011743668549645,0.02238906351454331,59.78452149748246,0.007907202397138343,0.002000043819677555,0.9130665238861504,0.12122315652880139,0.015064992457922477
2024-10-15,67041.109375,67881.6796875,64809.1953125,66050.3671875,48863870879,0.015064992457922477,0.050830232433260125,-0.005406426515387475,0.011977460447594401,0.02242727570780621,75.04734275015645,0.012232380464162937,0.005060177509361718,0.9657575444952162,0.1344044574141391,0.008526251733136592
2024-10-16,67612.71875,68375.2890625,66758.7265625,67042.4609375,38195189534,0.008526251733136592,0.015064992457922477,0.050830232433260125,-0.005406426515387475,0.022389498269084544,77.36770216510898,0.01611634126526323,0.0071553106483696095,0.9766528334916463,0.14601537204108453,-0.0031485616380424464
2024-10-17,67399.8359375,67912.2109375,66647.390625,67617.078125,32790898511,-0.0031485616380424464,0.008526251733136592,0.015064992457922477,0.050830232433260125,0.0219564679349249,75.86160417765183,0.01886492139317833,0.007923112621027767,0.9229573032172784,0.1533855894113396,0.015118035686984221
2024-10-18,68418.7890625,68969.75,67177.8203125,67419.109375,36857165014,0.015118035686984221,-0.0031485616380424464,0.008526251733136592,0.015064992457922477,0.021756857226784707,75.30548313274915,0.02164230874410203,0.00856039997756117,0.9756581723503044,0.16570147866808035,-0.0008192879217548965
2024-10-19,68362.734375,68668.0078125,68024.640625,68418.9765625,14443497908,-0.0008192879217548965,0.015118035686984221,-0.0031485616380424464,0.008526251733136592,0.018568262087834037,74.92590524128644,0.023745906857977152,0.008531198473149034,0.9272173338930514,0.17700711945332526,0.009346740674458287
2024-10-20,69001.703125,69359.0078125,68105.71875,68364.1796875,18975847518,0.009346740674458287,-0.0008192879217548965,0.015118035686984221,-0.0031485616380424464,0.017602846812263363,74.74519755709838,0.02561569864240592,0.00832079220606224,0.9212529376985255,0.19192968791262616,-0.023678423698328066
2024-10-21,67367.8515625,69462.734375,66829.8515625,69002.0,37498611780,-0.023678423698328066,0.009346740674458287,-0.0008192879217548965,0.015118035686984221,0.01925780102697027,68.94213268123355,0.0256801874012289,0.0067082247719081785,0.7603153792272785,0.19164417369193157,-9.567341618454961e-05
2024-10-22,67361.40625,67801.578125,66581.3671875,67360.703125,31808472566,-9.567341618454961e-05,-0.023678423698328066,0.009346740674458287,-0.0008192879217548965,0.019343744894373256,69.44586794770339,0.02494608168459933,0.004779295244222888,0.7354321331423836,0.18821589530151872,-0.01379441121005398
2024-10-23,66432.1953125,67402.7421875,65188.03515625,67362.375,32263980353,-0.01379441121005398,-9.567341618454961e-05,-0.023678423698328066,0.009346740674458287,0.02008848860253373,72.80652168351341,0.023305797571107862,0.0025112089045851334,0.6403888971202064,0.18090760808159315,0.02602442034118191
2024-10-24,68161.0546875,68798.9609375,66454.1015625,66653.703125,31414428647,0.02602442034118191,-0.01379441121005398,-9.567341618454961e-05,-0.023678423698328066,0.014713839316193326,77.67844951395138,0.022960199760766957,0.0017324888753953785,0.7602047271138841,0.1812350744350484,-0.022280180844656217
2024-10-25,66642.4140625,68722.15625,65521.79296875,68165.296875,41469984306,-0.022280180844656217,0.02602442034118191,-0.01379441121005398,-9.567341618454961e-05,0.016060762243601576,65.43724949838618,0.021594716026972594,0.0002936041132808112,0.6148632527953423,0.17637952323900175,0.00558625096700216
2024-10-26,67014.6953125,67317.921875,66360.59375,66628.734375,19588098156,0.00558625096700216,-0.022280180844656217,0.02602442034118191,-0.01379441121005398,0.015903719284006843,64.45506929464258,0.02020164827556458,-0.0008795709105017639,0.6307446210628411,0.1734251053750808,0.01364777618155344
2024-10-27,67929.296875,68221.3125,66847.2265625,67023.4765625,16721307878,0.01364777618155344,0.00558625096700216,-0.022280180844656217,0.02602442034118191,0.01650082704184453,68.40881437961514,0.019792570517209628,-0.0010309189350853724,0.6903815234133909,0.1688629260203257,0.029125296867722028
2024-10-28,69907.7578125,70212.265625,67535.1328125,67922.671875,38799856657,0.029125296867722028,0.01364777618155344,0.00558625096700216,-0.022280180844656217,0.018334046574974602,65.35342233940051,0.021166517870727715,0.00027442273474617,0.8332103410986748,0.16797772758869448,0.04023493905417541
2024-10-29,72720.4921875,73577.2109375,69729.9140625,69910.046875,58541874402,0.04023493905417541,0.029125296867722028,0.01364777618155344,0.00558625096700216,0.02182126083516584,69.72890969536604,0.024658128854720747,0.003012826974991358,1.0252840008707667,0.16844235716656272,-0.005238593875544262
2024-10-30,72339.5390625,72905.296875,71411.734375,72715.3671875,40646637831,-0.005238593875544262,0.04023493905417541,0.029125296867722028,0.01364777618155344,0.02208908159625507,66.64033694706902,0.027480207819750142,0.004667924752016602,0.9691228400127477,0.15579831078176107,-0.029366396164960396
2024-10-31,70215.1875,72662.3125,69590.5,72335.046875,40627912076,-0.029366396164960396,-0.005238593875544262,0.04023493905417541,0.029125296867722028,0.02296416665638487,58.735532490173995,0.027748593681663762,0.003949048491144174,0.7495370596947599,0.14269419995469831,-0.010435331387529279
2024-11-01,69482.46875,71559.015625,68779.703125,70216.8984375,49989795365,-0.010435331387529279,-0.029366396164960396,-0.005238593875544262,0.04023493905417541,0.023416608296070708,53.36009212236321,0.026434660822748764,0.0021080925057833377,0.6563605881281228,0.12835287378320417,-0.0027804900426771084
2024-11-02,69289.2734375,69867.3515625,69033.71875,69486.0234375,18184612091,-0.0027804900426771084,-0.010435331387529279,-0.029366396164960396,-0.005238593875544262,0.02277071954887183,52.90173252004472,0.024721649201751805,0.0003160647078291022,0.6175600645680076,0.1058904120529624,-0.00791112711687536
2024-11-03,68741.1171875,69361.65625,67482.5234375,69296.3828125,34868307655,-0.00791112711687536,-0.0027804900426771084,-0.010435331387529279,-0.029366396164960396,0.021702152486130916,49.17922901909563,0.02258767774782976,-0.0014543253968743557,0.5245329665977364,0.10048000218867818,-0.013523338185854272
2024-11-04,67811.5078125,69433.1796875,66803.6484375,68742.1328125,41184819348,-0.013523338185854272,-0.00791112711687536,-0.0027804900426771084,-0.010435331387529279,0.020814320810704324,51.46226055573524,0.01969141113032411,-0.003480473611504005,0.38213149174652095,0.0988118270289033,0.02282879023690776
2024-11-05,69359.5625,70522.7890625,67458.8671875,67811.171875,46046889204,0.02282879023690776,-0.013523338185854272,-0.00791112711687536,-0.0027804900426771084,0.021839438990891805,55.97826950784297,0.018357276555940796,-0.003851686548709859,0.5981198872236294,0.09815372073296184,0.09053568676993895
2024-11-06,75639.078125,76460.15625,69322.03125,69358.5,118592653963,0.09053568676993895,0.02282879023690776,-0.013523338185854272,-0.00791112711687536,0.03519688772584989,70.8658040696853,0.022621332774021556,0.00032989573549671927,1.2220740452024876,0.13083865250208565,0.003513808689745934
2024-11-07,75904.859375,76943.1171875,74480.421875,75637.0859375,63467654989,0.003513808689745934,0.09053568676993895,0.02282879023690776,-0.013523338185854272,0.03468762423563179,68.79650499738497,0.02708348812275149,0.003833640867381319,1.091365609576906,0.15625602873991953,0.008439738809541852
2024-11-08,76545.4765625,77252.75,75648.7421875,75902.8359375,55176858003,0.008439738809541852,0.003513808689745934,0.09053568676993895,0.02282879023690776,0.03289555708000753,75.10787183099262,0.03074665492923323,0.0059974461390904475,1.0326106390171168,0.17869608294915743,0.0030490452928257916
2024-11-09,76778.8671875,76932.765625,75773.7890625,76556.1875,29009480361,0.0030490452928257916,0.008439738809541852,0.003513808689745934,0.09053568676993895,0.032695767362396246,74.93131895533,0.03358468185743951,0.0070683784538373845,0.9680036956219955,0.19751296946826968,0.048129393514959595
2024-11-10,80474.1875,81474.421875,76565.4296875,76775.546875,82570594495,0.048129393514959595,0.0030490452928257916,0.008439738809541852,0.003513808689745934,0.03245036479081235,78.04849418993406,0.0375317053865404,0.008812321586350619,1.0849614194667156,0.22982290995970828,0.10223522760015435
2024-11-11,88701.484375,89604.5,80283.25,80471.4140625,117966845037,0.10223522760015435,0.048129393514959595,0.0030490452928257916,0.008439738809541852,0.04130447663310199,82.84273503760072,0.04496333612905149,0.012995161863089362,1.245534169834234,0.31103554480029383,-0.008406532091926988
2024-11-12,87955.8125,89956.8828125,85155.109375,88705.5625,133673285375,-0.008406532091926988,0.10223522760015435,0.048129393514959595,0.0030490452928257916,0.04176747259496559,78.69755332483939,0.05277388324656852,0.016644567184485114,1.074592489102491,0.3542398231053184,0.029882636380625716
2024-11-13,90584.1640625,93434.3515625,86256.9296875,87929.96875,123559027869,0.029882636380625716,-0.008406532091926988,0.10223522760015435,0.048129393514959595,0.040148255628479006,81.68346276367701,0.05862511961190702,0.01799664283985889,1.050176023857527,0.40129011511880186,-0.03680261786927608
2024-11-14,87250.4296875,91765.21875,86682.8125,90574.8828125,87616705248,-0.03680261786927608,0.029882636380625716,-0.008406532091926988,0.10223522760015435,0.04340898898375991,78.39073210351283,0.06312851085626929,0.01800002726737692,0.8870759722107174,0.41270324994541235,0.04373133907381366
2024-11-15,91066.0078125,91868.7421875,87124.8984375,87284.1796875,78243109518,0.04373133907381366,-0.03680261786927608,0.029882636380625716,-0.008406532091926988,0.04372321999861865,82.61903137040895,0.0648356053494074,0.01576569740841202,0.9423718856118802,0.43271357368173846,-0.005573223886622736
2024-11-16,90558.4765625,91763.9453125,90094.2265625,91064.3671875,44333192814,-0.005573223886622736,0.04373133907381366,-0.03680261786927608,0.029882636380625716,0.03884590475906276,81.84145017265408,0.06743777556330341,0.014694294097846422,0.8783112663981782,0.4427515100606499,-0.007869224693816235
2024-11-17,89845.8515625,91433.0390625,88741.6640625,90558.4609375,46350159305,-0.007869224693816235,-0.005573223886622736,0.04373133907381366,-0.03680261786927608,0.03950543426721648,81.44040349398078,0.06833328641312192,0.012471843958131945,0.8203720750946049,0.44826796262178126,0.007755383808848215
2024-11-18,90542.640625,92596.7890625,89393.59375,89843.71875,75535775084,0.007755383808848215,-0.007869224693816235,-0.005573223886622736,0.04373133907381366,0.03952381129758688,84.09984546230399,0.06792894355194258,0.009654000877562088,0.8053133894440481,0.4570916835202917,0.019892819836786257
2024-11-19,92343.7890625,94002.8671875,90426.984375,90536.8125,74521048295,0.019892819836786257,0.007755383808848215,-0.007869224693816235,-0.005573223886622736,0.039191690807877336,84.21967357803078,0.06749428013774876,0.007375469970694611,0.817820153265477,0.46496857873919223,0.02161166598491282
2024-11-20,94339.4921875,94902.0234375,91619.5,92341.890625,71730956426,0.02161166598491282,0.019892819836786257,0.007755383808848215,-0.007869224693816235,0.03789995165376441,81.91247142593167,0.06768387211255811,0.0060520495564031634,0.8330781305697674,0.4661413017513461,0.044151545428309014
2024-11-21,98504.7265625,99014.21875,94132.6015625,94334.640625,106024505582,0.044151545428309014,0.02161166598491282,0.019892819836786257,0.007755383808848215,0.025865668818089167,84.03697777911651,0.06866991619809719,0.0056304749135537985,0.8938432674079666,0.4702553423360792,0.005004201495724558
2024-11-22,98997.6640625,99655.5,97222.6640625,98496.4296875,78473580551,0.005004201495724558,0.044151545428309014,0.02161166598491282,0.019892819836786257,0.025093178518655144,83.96565189355188,0.07094635746664973,0.006325532945685067,0.8667184071965676,0.4641792043865941,-0.012327389984975179
2024-11-23,97777.28125,99014.6796875,97232.890625,99006.7421875,44414644677,-0.012327389984975179,0.005004201495724558,0.044151545428309014,0.02161166598491282,0.025333197444119007,80.84527013798564,0.07209463729161278,0.005979050216518483,0.8089513938932179,0.44115938794347276,0.002419161787646784
2024-11-24,98013.8203125,98647.1796875,95788.078125,97778.09375,51712020623,0.002419161787646784,-0.012327389984975179,0.005004201495724558,0.044151545428309014,0.020136512446919778,78.67872164252069,0.07149894221009076,0.004306684107997172,0.7965192581576767,0.4026746945831353,-0.05011051933125821
2024-11-25,93102.296875,98935.03125,92642.9140625,98033.4453125,80909462490,-0.05011051933125821,0.002419161787646784,-0.012327389984975179,0.005004201495724558,0.02493754333682091,58.07081289257714,0.06985688643116628,0.002131702663258142,0.640127386008022,0.35027743339224626,-0.011997304040733403
2024-11-26,91985.3203125,94991.75,90770.8125,93087.28125,91656519855,-0.011997304040733403,-0.05011051933125821,0.002419161787646784,-0.012327389984975179,0.025249288323707587,57.29057325571829,0.0646375519526718,-0.002470105452189064,0.5846082460875632,0.319575722124334,0.04323745271515378
2024-11-27,95962.53125,97361.1796875,91778.6640625,91978.140625,71133452438,0.04323745271515378,-0.011997304040733403,-0.05011051933125821,0.002419161787646784,0.02807667595751107,59.27819337288652,0.06000193040163909,-0.0056845816025774265,0.7069770363699833,0.28786133933120667,-0.0032310787967048116
2024-11-28,95652.46875,96650.203125,94677.3515625,95954.9453125,52260008261,-0.0032310787967048116,0.04323745271515378,-0.011997304040733403,-0.05011051933125821,0.0282566298016018,66.18251286296865,0.05771385766251304,-0.006378123473362793,0.6810452952892696,0.24928799309541408,0.018912786163713058
2024-11-29,97461.5234375,98693.171875,95407.8828125,95653.953125,54968682476,0.018912786163713058,-0.0032310787967048116,0.04323745271515378,-0.011997304040733403,0.02820422191860621,63.34973431839263,0.055568864951262974,-0.00681849294769029,0.7625119018891278,0.2018979572229267,-0.010388394458550332
2024-11-30,96449.0546875,97499.34375,96144.21875,97468.8125,31634227866,-0.010388394458550332,0.018912786163713058,-0.0032310787967048116,0.04323745271515378,0.02802151849028213,62.04190873118796,0.053824814711046345,-0.00685003455032554,0.7047936556834877,0.16184949400110987,0.008613193542348574
2024-12-01,97279.7890625,97888.125,95770.1875,96461.3359375,36590695296,0.008613193542348574,-0.010388394458550332,0.018912786163713058,-0.0032310787967048116,0.024147319509369995,65.12391340144052,0.051630369537780066,-0.0072355837788734625,0.7357436693538084,0.15813231269891415,-0.01454037255458307
2024-12-02,95865.3046875,98152.6015625,94482.8671875,97276.0078125,72680784305,-0.01454037255458307,0.008613193542348574,-0.010388394458550332,0.018912786163713058,0.02439819204233276,60.52140244390215,0.04923885044238022,-0.007701682299418644,0.6215784528077409,0.14726205234411416,0.0014276215513644441
2024-12-03,96002.1640625,96297.203125,93629.5625,95854.59375,67067810961,0.0014276215513644441,-0.01454037255458307,0.008613193542348574,-0.010388394458550332,0.02419713770627623,57.74089799124663,0.04625502314222041,-0.008548407679662771,0.6147278367345158,0.14323787132932622,0.02881567529768403
2024-12-04,98768.53125,99207.328125,94660.5234375,95988.53125,77199817112,0.02881567529768403,0.0014276215513644441,-0.01454037255458307,0.008613193542348574,0.026049071003485937,59.0755887909834,0.0444626057595912,-0.00827266004983359,0.806094266143485,0.12866944419527987,-0.022020788503929523
2024-12-05,96593.5703125,103900.46875,91998.78125,98741.5390625,149218945580,-0.022020788503929523,0.02881567529768403,0.0014276215513644441,-0.01454037255458307,0.020927395975261588,45.73603685762015,0.042751391633487124,-0.007987099340750134,0.6102888880686164,0.12285051067148199,0.03444474217316973
2024-12-06,99920.7109375,102039.8828125,96514.875,97074.2265625,94534772658,0.03444474217316973,-0.022020788503929523,0.02881567529768403,0.0014276215513644441,0.022130331156325025,51.82819458241653,0.04145881694087136,-0.007423739226692719,0.8606949202641524,0.12014519522577798,2.627082989481444e-05
2024-12-07,99923.3359375,100563.3828125,99030.8828125,99916.7109375,44177510897,2.627082989481444e-05,0.03444474217316973,-0.022020788503929523,0.02881567529768403,0.01852475069021144,54.465921650018196,0.0410899664495361,-0.006234071774422388,0.8431428289549951,0.11045687369474415,0.013136868131795154
2024-12-08,101236.015625,101399.9921875,98771.515625,99921.9140625,44125751925,0.013136868131795154,2.627082989481444e-05,0.03444474217316973,-0.022020788503929523,0.018517732995676064,56.41791072646203,0.040844953131488386,-0.005183268073976087,0.9397737376719005,0.10398463117924571,-0.03756861480096407
2024-12-09,97432.71875,101272.5078125,94355.9140625,101237.0625,110676473908,-0.03756861480096407,0.013136868131795154,2.627082989481444e-05,0.03444474217316973,0.022313087726301133,59.02362153450437,0.03907605985414173,-0.005561729081058196,0.5403459443112633,0.09430333829876442,-0.007772430783165474
2024-12-10,96675.4296875,98270.15625,94321.2578125,97441.234375,104823780634,-0.007772430783165474,-0.03756861480096407,0.013136868131795154,2.627082989481444e-05,0.022190223900675304,59.92185924748208,0.03565278563998193,-0.007188002636174404,0.44263590230083344,0.09054967214991287,0.04652269534294651
2024-12-11,101173.03125,101913.359375,95747.2265625,96656.0625,85391409936,0.04652269534294651,-0.007772430783165474,-0.03756861480096407,0.013136868131795154,0.02654875075023434,60.78527258143807,0.034433871227698615,-0.006725533638766178,0.9089079780237227,0.0969886458152037,-0.011169293200355757
2024-12-12,100043.0,102524.9140625,99339.953125,101167.8046875,72073983533,-0.011169293200355757,0.04652269534294651,-0.007772430783165474,-0.03756861480096407,0.0263039597458698,58.78964338935886,0.03381491661190361,-0.00587559060364895,0.777721047022959,0.09900332124074639,0.014156490833941326
2024-12-13,101459.2578125,101888.8046875,99233.28125,100046.6484375,56894751583,0.014156490833941326,-0.011169293200355757,0.04652269534294651,-0.007772430783165474,0.026441854739433605,58.131162607997595,0.03329780811042535,-0.005114159284101777,0.8791338638216363,0.10570004795021967,-0.0008504799301751742
2024-12-14,101372.96875,102618.8828125,100634.0546875,101451.4375,40422968793,-0.0008504799301751742,0.014156490833941326,-0.011169293200355757,0.04652269534294651,0.025215595177970156,60.40705444796596,0.032843106782910296,-0.004455088489293463,0.8365162280174622,0.11114990734495293,0.02886101293644905
2024-12-15,104298.6953125,105047.5390625,101227.03125,101373.53125,51145914137,0.02886101293644905,-0.0008504799301751742,0.014156490833941326,-0.011169293200355757,0.024759803793456464,63.62809241898109,0.033427912273868605,-0.003096226398668127,1.0256126592267123,0.11655798911309662,0.016596788984881483
2024-12-16,106029.71875,107780.578125,103322.984375,104293.578125,91020417816,0.016596788984881483,0.02886101293644905,-0.0008504799301751742,0.014156490833941326,0.023236458457251127,69.49584967047011,0.034970523272787525,-0.00124289231979937,1.0954395658505878,0.1196154408312186,0.001045771070669721
2024-12-17,106140.6015625,108268.4453125,105291.734375,106030.6875,68589364868,0.001045771070669721,0.016596788984881483,0.02886101293644905,-0.0008504799301751742,0.023208610939494435,69.46542237080601,0.03625368033366395,3.2211792861634725e-05,1.0081879043011028,0.1315631259122511,-0.057462106019896764
2024-12-18,100041.5390625,106470.609375,100041.5390625,106147.296875,93865656139,-0.057462106019896764,0.001045771070669721,0.016596788984881483,0.02886101293644905,0.03049155960529102,52.16683160535567,0.03425921297239593,-0.0015698044547251058,0.5264758041884349,0.1262154734915285,-0.025495268879325628
2024-12-19,97490.953125,102748.1484375,95587.6796875,100070.6875,97221662392,-0.025495268879325628,-0.057462106019896764,0.001045771070669721,0.016596788984881483,0.02907862270506798,51.508181456031586,0.029287406268416995,-0.0052332889269632345,0.32362426828111857,0.12616950414750136,0.002717960528709318
2024-12-20,97755.9296875,98098.9140625,92175.1796875,97484.6953125,105634083408,0.002717960528709318,-0.025495268879325628,-0.057462106019896764,0.001045771070669721,0.028938185700335864,45.94432959632985,0.024506337858812493,-0.008011485869254192,0.3364626512430988,0.12375055718038326,-0.005433973434635808
2024-12-21,97224.7265625,99507.1015625,96426.5234375,97756.1953125,51765334294,-0.005433973434635808,0.002717960528709318,-0.025495268879325628,-0.057462106019896764,0.02423739186770543,45.04240241302223,0.02021980375028311,-0.009838415982226862,0.29382164580809467,0.12384884432907178,-0.021802983021374844
2024-12-22,95104.9375,97360.265625,94202.1875,97218.3203125,43147981314,-0.021802983021374844,-0.005433973434635808,0.002717960528709318,-0.025495268879325628,0.02482742705937433,39.06102857091881,0.015116393134903306,-0.011953461278085338,0.13187976623663897,0.12609421673226218,-0.004402456102765462
2024-12-23,94686.2421875,96416.2109375,92403.1328125,95099.390625,65239002919,-0.004402456102765462,-0.021802983021374844,-0.005433973434635808,0.002717960528709318,0.023933270825136785,44.42666015609518,0.010286726268188039,-0.013426502515840487,0.11538671296032574,0.12997263277827883,0.04213760595334648
2024-12-24,98676.09375,99404.0625,93448.015625,94684.34375,47114953674,0.04213760595334648,-0.004402456102765462,-0.021802983021374844,-0.005433973434635808,0.02850858261630817,53.58902437007601,0.009302615801294706,-0.011528490386187055,0.4237738672190147,0.13003556256737905,0.0063146152104343045
2024-12-25,99299.1953125,99478.75,97593.46875,98675.9140625,33700394629,0.0063146152104343045,0.04213760595334648,-0.004402456102765462,-0.021802983021374844,0.026595636206133942,46.09576462629371,0.009197102569468376,-0.009307202894410711,0.4604449164266765,0.12667540658902143,-0.03528406928650052
2024-12-26,95795.515625,99884.5703125,95137.8828125,99297.6953125,47054980873,-0.03528406928650052,0.0063146152104343045,0.04213760595334648,-0.004402456102765462,0.027062145486260607,41.94671373519332,0.006468926153550914,-0.00962830344826254,0.2109426857435316,0.13191151315583474,-0.017022260795415023
2024-12-27,94164.859375,97294.84375,93310.7421875,95704.9765625,52419934565,-0.017022260795415023,-0.03528406928650052,0.0063146152104343045,0.04213760595334648,0.02686247546570974,36.28125856794126,0.0026819521529941664,-0.010732221959055432,0.1327643812403091,0.140949913783221,0.010609799867287384
2024-12-28,95163.9296875,95525.8984375,94014.2890625,94160.1875,24107436185,0.010609799867287384,-0.017022260795415023,-0.03528406928650052,0.0063146152104343045,0.02215416034316017,38.71014207409945,0.0004383343205727054,-0.010380671833181514,0.23240921483265897,0.1448571204128225,-0.017167251608511402
2024-12-29,93530.2265625,95174.875,92881.7890625,95174.0546875,29635885267,-0.017167251608511402,0.010609799867287384,-0.017022260795415023,-0.03528406928650052,0.021433141435427412,29.45441276602341,-0.0027185589975953334,-0.010830052121079644,0.15070364587382426,0.15287464455934469,-0.00948373223930199
2024-12-30,92643.2109375,94903.3203125,91317.1328125,93527.1953125,56188003691,-0.00948373223930199,-0.017167251608511402,0.010609799867287384,-0.017022260795415023,0.021359608391995518,23.60940878291484,-0.005980177815779657,-0.011273336751411175,0.12714185330395772,0.1621495189063286,0.008484077565384274
2024-12-31,93429.203125,96090.6015625,91914.03125,92643.25,43625106843,0.008484077565384274,-0.00948373223930199,-0.017167251608511402,0.010609799867287384,0.02178844917785411,25.590099571379483,-0.007704872708318516,-0.010398425315160026,0.2086536453432553,0.16733472568977534,0.010602195613021781
2025-01-01,94419.7578125,94929.8671875,92788.125,93425.1015625,24519888919,0.010602195613021781,0.008484077565384274,-0.00948373223930199,-0.017167251608511402,0.021209144942168686,36.569318107160555,-0.00807635453448706,-0.008615925713062857,0.2891342374251411,0.17028459884149438,0.026129247147606893
2025-01-02,96886.875,97739.8203125,94201.5703125,94416.2890625,46009564411,0.026129247147606893,0.010602195613021781,0.008484077565384274,-0.00948373223930199,0.022731307230565732,48.55105216527023,-0.0060950494612911545,-0.005307696511893561,0.44983035120696974,0.1674602245778619,0.012597729955682757
2025-01-03,98107.4296875,98956.9140625,96034.6171875,96881.7265625,35611391163,0.012597729955682757,0.026129247147606893,0.010602195613021781,0.008484077565384274,0.018546837911208383,50.80615625871252,-0.003584310428224145,-0.0022375659830612413,0.5351778215341653,0.16405760497308935,0.0013128146911018934
2025-01-04,98236.2265625,98734.4296875,97562.9765625,98106.9921875,22342608078,0.0013128146911018934,0.012597729955682757,0.026129247147606893,0.010602195613021781,0.018411931266839678,52.363474792790704,-0.0015290368634669623,-0.00014583393464324686,0.5676089263160705,0.15132489853732528,0.0008014800420892421
2025-01-05,98314.9609375,98813.3046875,97291.765625,98233.90625,20525254825,0.0008014800420892421,0.0013128146911018934,0.012597729955682757,0.026129247147606893,0.013916438184883811,58.29141043756001,0.00015877176246209903,0.0012335797530286519,0.6191718077639979,0.12643234707387305,0.03827621924594227
2025-01-06,102078.0859375,102482.875,97926.1484375,98314.953125,51823432705,0.03827621924594227,0.0008014800420892421,0.0013128146911018934,0.012597729955682757,0.01603958953233679,66.280193402963,0.004364670729679852,0.0043515829761971245,1.043563095546531,0.10327234079105906,-0.05050430525956884
2025-01-07,96922.703125,102712.484375,96132.875,102248.8515625,58685738547,-0.05050430525956884,0.03827621924594227,0.0008014800420892421,0.0013128146911018934,0.024459258681015877,46.326821466705155,0.0037766397796719386,0.0030108416209513682,0.5450176106528974,0.09809982925985852,-0.019388436629511285
2025-01-08,95043.5234375,97258.3203125,92525.84375,96924.1640625,63875859171,-0.019388436629511285,-0.05050430525956884,0.03827621924594227,0.0008014800420892421,0.02466295492214473,41.53051667135185,0.0015748801659380158,0.0006472656057739563,0.35997242604143925,0.09860348115778682,-0.026929603222076492
2025-01-09,92484.0390625,95349.71875,91220.84375,95043.484375,62777261693,-0.026929603222076492,-0.019388436629511285,-0.05050430525956884,0.03827621924594227,0.02612974106990774,43.15226792988211,-0.0024405488291820545,-0.002694530711476891,0.13783294914808097,0.10418693662331202,0.023976181025154863
2025-01-10,94701.453125,95770.609375,92250.09375,92494.4921875,62058693684,0.023976181025154863,-0.026929603222076492,-0.019388436629511285,-0.05050430525956884,0.02712003616680831,51.083321977095736,-0.0035940731997177893,-0.0030784440656101007,0.37210410963623824,0.10451033910628216,-0.001424047578467369
2025-01-11,94566.59375,94977.6875,93840.046875,94700.8359375,18860894100,-0.001424047578467369,0.023976181025154863,-0.026929603222076492,-0.019388436629511285,0.026946883100812,48.75044329935658,-0.004621826111560353,-0.0032849575819621315,0.3620473638167793,0.10507293248329162,-0.0008264678561502592
2025-01-12,94488.4375,95367.5390625,93712.5078125,94565.7265625,20885130965,-0.0008264678561502592,-0.001424047578467369,0.023976181025154863,-0.026929603222076492,0.025400409864642353,52.143997119218554,-0.005440785289894295,-0.003283133408236859,0.3555993096018062,0.1053185736125301,0.00029724205673309356
2025-01-13,94516.5234375,95837.0,89260.1015625,94488.890625,72978998252,0.00029724205673309356,-0.0008264678561502592,-0.001424047578467369,0.023976181025154863,0.0248964384675077,54.359087722768244,-0.005991928863333883,-0.0030674215853411574,0.3757086333305409,0.10278605958380037,0.021345722040169157
2025-01-14,96534.046875,97352.6640625,94322.15625,94519.0078125,53769675818,0.021345722040169157,0.00029724205673309356,-0.0008264678561502592,-0.001424047578467369,0.02609840484662525,56.83315291324568,-0.004556661235382703,-0.0013057231659119816,0.6003511523743599,0.09721650197906662,0.041129999632577796
2025-01-15,100504.4921875,100697.234375,96501.640625,96534.046875,57805923627,0.041129999632577796,0.021345722040169157,0.00029724205673309356,-0.0008264678561502592,0.02939102066164529,61.83853004176377,-0.0001895289516554925,0.002449127294252183,0.954096108751216,0.10725543376592488,-0.0074383335632930425
2025-01-16,99756.90625,100781.5859375,97364.4453125,100505.296875,54103781805,-0.0074383335632930425,0.041129999632577796,0.021345722040169157,0.00029724205673309356,0.02665217958634105,55.98438629105668,0.002518500692056767,0.004125725550371554,0.8395821592319196,0.1115361245128766,0.04716598568833419
2025-01-17,104462.0390625,105884.2265625,99948.90625,100025.765625,71888972663,0.04716598568833419,-0.0074383335632930425,0.041129999632577796,0.021345722040169157,0.024718589260297467,61.569019565452386,0.00799788874843177,0.007684090885397245,1.1058927108331635,0.1346715890977544,-0.000516635042589142
2025-01-18,104408.0703125,104913.203125,102226.6171875,104124.953125,50445655726,-0.000516635042589142,0.04716598568833419,-0.0074383335632930425,0.041129999632577796,0.023079006976093334,61.26697970963562,0.012253705501227166,0.009551926110554113,1.0050473548695547,0.14846931214672854,-0.03178356737719257
2025-01-19,101089.609375,106299.796875,99570.53125,104411.2890625,76789928525,-0.03178356737719257,-0.000516635042589142,0.04716598568833419,-0.0074383335632930425,0.023968391147622548,54.529475547298084,0.013333497350414471,0.008505374367793136,0.7496799454560901,0.1454306545886613,0.009170622908047932
2025-01-20,102016.6640625,109114.8828125,99471.359375,101083.75,126279678351,0.009170622908047932,-0.03178356737719257,-0.000516635042589142,0.04716598568833419,0.023404367972669104,49.889500122277916,0.014312688542029254,0.007587652447526333,0.7851645342360606,0.14458869800508178,0.040479676535688514
2025-01-21,106146.265625,107180.921875,100103.953125,102052.578125,88733878242,0.040479676535688514,0.009170622908047932,-0.03178356737719257,-0.000516635042589142,0.025264240532003608,67.22938441466711,0.017531175335183904,0.008644911392544787,0.9890328860676915,0.15732184789421771,-0.023488299826845638
2025-01-22,103653.0703125,106294.34375,103360.265625,106136.3828125,53878181052,-0.023488299826845638,0.040479676535688514,0.009170622908047932,-0.03178356737719257,0.02745432459755074,65.72177185111465,0.018858504869106462,0.007977792741173875,0.7958378284954521,0.16239591952327154,0.002962783076025932
2025-01-23,103960.171875,106820.328125,101257.8046875,103657.671875,104104515428,0.002962783076025932,-0.023488299826845638,0.040479676535688514,0.009170622908047932,0.02736637652881203,72.83481617517897,0.019531625365813807,0.006920730590304975,0.7860820580262449,0.16794811514052183,0.008265785680243276
2025-01-24,104819.484375,107098.546875,102772.125,103965.671875,52388229265,0.008265785680243276,0.002962783076025932,-0.023488299826845638,0.040479676535688514,0.02706965877601357,71.28276203879417,0.020371058801783835,0.00620813122102,0.8049659372477506,0.17449463073027527,-0.0010001569662844156
2025-01-25,104714.6484375,105243.7890625,104120.375,104824.03125,23888996502,-0.0010001569662844156,0.008265785680243276,0.002962783076025932,-0.023488299826845638,0.02461013106658491,71.37290997469708,0.020863118239644835,0.005360152527104801,0.7717509250748592,0.17953757930637482,-0.019406534499448846
2025-01-26,102682.5,105438.6484375,102507.7109375,104713.2109375,22543395879,-0.019406534499448846,-0.0010001569662844156,0.008265785680243276,0.002962783076025932,0.025522913768310618,65.94519731581173,0.01983166409762773,0.0034629587080701567,0.6560772983376663,0.18019878474337292,-0.005792734886665207
2025-01-27,102087.6875,103214.109375,97795.9375,102680.3046875,89006608428,-0.005792734886665207,-0.019406534499448846,-0.0010001569662844156,0.008265785680243276,0.020354029245598777,64.41512558193222,0.018116898583604223,0.0013985545552373177,0.6094107179581879,0.17852926437911276,-0.007397669160641884
2025-01-28,101332.4765625,103730.8203125,100238.1875,102095.4140625,47180685494,-0.007397669160641884,-0.005792734886665207,-0.019406534499448846,-0.0010001569662844156,0.020410378242466026,59.59729425239581,0.01600470119832133,-0.0005709142640364616,0.5513964171108063,0.17166183413417446,0.023395602825692086
2025-01-29,103703.2109375,104750.8046875,101283.8203125,101317.5234375,47432049818,0.023395602825692086,-0.007397669160641884,-0.005792734886665207,-0.019406534499448846,0.0191219213696519,56.83511558242618,0.015563859746858729,-0.0008094045723992509,0.6713478465121208,0.1557714130905665,0.009952379879751394
2025-01-30,104735.3046875,106418.765625,103321.6484375,103709.3359375,41915744521,0.009952379879751394,0.023395602825692086,-0.007397669160641884,-0.005792734886665207,0.019152801559687828,60.51019475779224,0.01596281709551319,-0.00032835777899583446,0.7167658219259826,0.14662988737878446,-0.022249243050878498
2025-01-31,102405.0234375,106026.3515625,101543.8828125,104737.5625,45732764360,-0.022249243050878498,0.009952379879751394,0.023395602825692086,-0.007397669160641884,0.015330859073649256,45.17332177708167,0.014767334181153575,-0.001219072554684359,0.5376804397831417,0.131311294912584,-0.017080384621634526
2025-02-01,100655.90625,102755.7265625,100297.7109375,102402.796875,27757944848,-0.017080384621634526,-0.022249243050878498,0.009952379879751394,0.023395602825692086,0.014513578724428459,41.84452609553993,0.012224075998052175,-0.0030098645902286083,0.36504742663699685,0.11261178269352376,-0.02947596219670423
2025-02-02,97688.9765625,101430.6640625,96216.078125,100661.5390625,63091816853,-0.02947596219670423,-0.017080384621634526,-0.022249243050878498,0.009952379879751394,0.01655527425556622,42.493889486882445,0.007768770773908708,-0.005972135851497661,0.030771338776093782,0.0974072341512094,0.03804365081173988
2025-02-03,101405.421875,102514.171875,91242.890625,97681.1015625,115400897748,0.03804365081173988,-0.02947596219670423,-0.017080384621634526,-0.022249243050878498,0.021393277278545987,48.798745176264596,0.006679451513894825,-0.005649164089209236,0.35642101269483634,0.08185621897675725,-0.034846278405663456
2025-02-04,97871.8203125,101745.6171875,96208.109375,101398.71875,73002130211,-0.034846278405663456,0.03804365081173988,-0.02947596219670423,-0.017080384621634526,0.02358869046360992,33.34841593389231,0.0033084768407031884,-0.007216111009920699,0.0014763421250170404,0.0901951476045898,-0.012836943218062724
2025-02-05,96615.4453125,99113.2109375,96174.828125,97878.0078125,49125911241,-0.012836943218062724,-0.034846278405663456,0.03804365081173988,-0.02947596219670423,0.0232782957115094,35.095461476555556,-0.0005908591415335204,-0.008892357593725926,-0.04984807580610655,0.10144060314182074,-0.00022924323774897726
2025-02-06,96593.296875,99168.609375,95707.3515625,96610.640625,45302471947,-0.00022924323774897726,-0.012836943218062724,-0.034846278405663456,0.03804365081173988,0.023345638391877095,34.2075540332235,-0.00369200208317119,-0.009594800428290877,0.030048381458894692,0.111393599663359,-0.0006647556256734743
2025-02-07,96529.0859375,100154.140625,95653.8828125,96581.3203125,55741290456,-0.0006647556256734743,-0.00022924323774897726,-0.012836943218062724,-0.034846278405663456,0.02337460638818448,31.600562470849127,-0.006136600513250457,-0.009631519086696115,0.08523978735583267,0.11887637709823043,-0.00048309597099249757
2025-02-08,96482.453125,96877.8046875,95702.4921875,96533.2578125,22447526395,-0.00048309597099249757,-0.0006647556256734743,-0.00022924323774897726,-0.012836943218062724,0.021326999181868544,31.682413416056647,-0.008022440445779815,-0.009213887215380379,0.12584568797812515,0.12723018688634383,0.00018283765004545316
2025-02-09,96500.09375,97325.28125,94745.2578125,96481.3125,27732901800,0.00018283765004545316,-0.00048309597099249757,-0.0006647556256734743,-0.00022924323774897726,0.02067872732922144,34.88869912060734,-0.009389900585668935,-0.0084650778842156,0.1659897347923494,0.13421411617115073,0.009714611676219231
2025-02-10,97437.5546875,98333.21875,95320.84375,96499.4609375,40078962391,0.009714611676219231,0.00018283765004545316,-0.00048309597099249757,-0.0006647556256734743,0.020695626201980552,38.821195699738986,-0.009488284296512372,-0.006850769276047228,0.2575646921901416,0.12941597570350805,-0.017345724709743937
2025-02-11,95747.4296875,98492.8984375,94875.0390625,97438.1328125,37488783272,-0.017345724709743937,0.009714611676219231,0.00018283765004545316,-0.00048309597099249757,0.02071332913247245,37.15123982449569,-0.011104334682392412,-0.006773455729541815,0.16708054520139787,0.13343037291169946,0.02233406885677658
2025-02-12,97885.859375,98151.0234375,94101.203125,95745.6953125,49340445530,0.02233406885677658,-0.017345724709743937,0.009714611676219231,0.00018283765004545316,0.02032976013202996,36.472214319427685,-0.010105375142377207,-0.004619596951621288,0.3458290782759349,0.13043591043991343,-0.012892487184132717
2025-02-13,96623.8671875,98111.0859375,95269.7109375,97888.75,37147280860,-0.012892487184132717,0.02233406885677658,-0.017345724709743937,0.009714611676219231,0.015700516100256558,31.33704915628242,-0.010562248792836444,-0.00406117648166442,0.270590808572207,0.12535894179830506,0.009160278803397981
2025-02-14,97508.96875,98819.46875,96342.8046875,96623.3671875,32697987277,0.009160278803397981,-0.012892487184132717,0.02233406885677658,-0.017345724709743937,0.01205910052271902,37.93255501832179,-0.00987522930275545,-0.0026993255932667402,0.3602222501633491,0.11660785683618144,0.0007320640697474623
2025-02-15,97580.3515625,97975.0390625,97240.1953125,97508.3828125,17047266288,0.0007320640697474623,0.009160278803397981,-0.012892487184132717,0.02233406885677658,0.011227147758880307,41.736145951630746,-0.009234385173526196,-0.001646785171229988,0.3841627672370889,0.1125631689076891,-0.014401672980240199
2025-02-16,96175.03125,97725.59375,96060.9765625,97580.4921875,16536755396,-0.014401672980240199,0.0007320640697474623,0.009160278803397981,-0.012892487184132717,0.01225423204206146,45.55946175960667,-0.009924504876726643,-0.0018695238995443484,0.2808120491058325,0.11102585976920634,-0.004176223623530095
2025-02-17,95773.3828125,97032.234375,95243.546875,96179.0078125,27336550690,-0.004176223623530095,-0.014401672980240199,0.0007320640697474623,0.009160278803397981,0.012313897357478952,29.493117445760234,-0.010623893561866823,-0.0020551300677476222,0.2684392147193788,0.11082501009933272,-0.0024415545387781457
2025-02-18,95539.546875,96695.375,93388.8359375,95773.8125,37325720482,-0.0024415545387781457,-0.004176223623530095,-0.014401672980240199,0.0007320640697474623,0.012325323261348407,38.82186866965968,-0.011240380668803068,-0.0021372937397470936,0.26236127614344923,0.10094585300944177,0.011472343504350446
2025-02-19,96635.609375,96855.59375,95011.96875,95532.53125,28990872862,0.011472343504350446,-0.0024415545387781457,-0.004176223623530095,-0.014401672980240199,0.012938665160794071,50.09815069040131,-0.010538837839082327,-0.0011486007280210823,0.3875097776643499,0.07725313952535896,0.017574558032842136
2025-02-20,98333.9375,98767.1953125,96442.671875,96632.6796875,31668022771,0.017574558032842136,0.011472343504350446,-0.0024415545387781457,-0.004176223623530095,0.01379052128691311,57.28412950202895,-0.008419061007253408,0.0007769408830462701,0.675247727194707,0.06186872833597176,-0.02245807176184722
2025-02-21,96125.546875,99497.96875,94852.9609375,98340.671875,49608706470,-0.02245807176184722,0.017574558032842136,0.011472343504350446,-0.0024415545387781457,0.014616293057123801,48.56823376598898,-0.00879395132432275,0.00032164045278154293,0.32116667850668285,0.05341804274670044,0.0047043783073406065
2025-02-22,96577.7578125,96950.15625,95765.34375,96134.203125,18353824477,0.0047043783073406065,-0.02245807176184722,0.017574558032842136,0.011472343504350446,0.012615039053093604,50.328683782975475,-0.00842101947790099,0.0005556578393626447,0.4188024124994397,0.053246423893342255,-0.0031460239332733453
2025-02-23,96273.921875,96671.875,95270.453125,96577.8046875,16999478976,-0.0031460239332733453,0.0047043783073406065,-0.02245807176184722,0.017574558032842136,0.011977953045169626,49.23508535337736,-0.008342341135000896,0.0005074689458101911,0.3497225887648293,0.03209717759196201,-0.05043681513571874
2025-02-24,91418.171875,96503.453125,91371.7421875,96277.9609375,44046480529,-0.05043681513571874,-0.0031460239332733453,0.0047043783073406065,-0.02245807176184722,0.019323283369230993,33.90747100244829,-0.012835645969666307,-0.0031886687110841763,-0.40286079101201533,0.057433475331447284,-0.029337712021491935
2025-02-25,88736.171875,92511.078125,86008.234375,91437.1171875,92139104128,-0.029337712021491935,-0.05043681513571874,-0.0031460239332733453,0.0047043783073406065,0.02042306545345642,32.19976920657122,-0.018753103688254568,-0.0072849011437379485,-0.3267135134074401,0.09180321541029136,-0.04946290046952739
2025-02-26,84347.0234375,89286.25,82131.8984375,88638.890625,64597492134,-0.04946290046952739,-0.029337712021491935,-0.05043681513571874,-0.0031460239332733453,0.024084328072644236,19.15281130638695,-0.028212877657811546,-0.01339574009063594,-0.3114184819229729,0.1429184565301728,0.004234922709094535
2025-02-27,84704.2265625,87000.78125,83144.9609375,84076.859375,52659591954,0.004234922709094535,-0.04946290046952739,-0.029337712021491935,-0.05043681513571874,0.024560010152695183,21.674152330284116,-0.03405625710375684,-0.015391295629264987,-0.10941707342418507,0.17506437148761106,-0.003910297790814532
2025-02-28,84373.0078125,85036.3203125,78248.9140625,84705.625,83610570576,-0.003910297790814532,0.004234922709094535,-0.04946290046952739,-0.029337712021491935,0.024501285933958096,17.93970142446318,-0.03880317688980677,-0.01611057233225193,-0.019461754918407764,0.2010964334682078,0.019661575342751147
2025-03-01,86031.9140625,86522.3046875,83794.234375,84373.8671875,29190628396,0.019661575342751147,-0.003910297790814532,0.004234922709094535,-0.04946290046952739,0.025492633291300044,23.84137204144892,-0.03962773848120745,-0.013548107138922086,0.12002091582808419,0.21515108390879775,0.09550452979612856
2025-03-02,94248.3515625,95043.4375,85040.2109375,86036.2578125,58398341092,0.09550452979612856,0.019661575342751147,-0.003910297790814532,0.004234922709094535,0.04191052131018074,46.66491041920852,-0.029931215306770727,-0.0030812671715882874,0.536072909136425,0.21231586006763584,-0.08682040111941614
2025-03-03,86065.671875,94429.75,85081.3046875,94248.421875,70072228536,-0.08682040111941614,0.09550452979612856,0.019661575342751147,-0.003910297790814532,0.04942065188377331,36.76197448718361,-0.034632439984883245,-0.0062259934797606435,0.16453893932126243,0.2236898424873784,0.013437685575495406
2025-03-04,87222.1953125,88911.2734375,81529.2421875,86064.0703125,68095241474,0.013437685575495406,-0.08682040111941614,0.09550452979612856,0.019661575342751147,0.049783258457263786,38.936365716670544,-0.03416053210633664,-0.004603268480971232,0.24691032756565973,0.22603652461409585,0.03899657851208138
2025-03-05,90623.5625,90998.2421875,86379.7734375,87222.953125,50498988027,0.03899657851208138,0.013437685575495406,-0.08682040111941614,0.09550452979612856,0.05206777586247731,42.46497358625357,-0.029500049946466343,4.5770943119256835e-05,0.4227791572689757,0.2234486482791823,-0.007303133084179958
2025-03-06,89961.7265625,92804.9375,87852.140625,90622.359375,47749810486,-0.007303133084179958,0.03899657851208138,0.013437685575495406,-0.08682040111941614,0.04959628212460665,39.227035637619096,-0.027298975555939037,0.0017974762669172514,0.40655078245677023,0.21855053729785293,-0.0357824911826653
2025-03-07,86742.671875,91191.046875,84717.6796875,89963.28125,65945677657,-0.0357824911826653,-0.007303133084179958,0.03899657851208138,0.013437685575495406,0.05005242687995003,38.23262447370494,-0.028984949057080926,8.920221262029293e-05,0.2700450526521927,0.21686353957618598,-0.006779571257010009
2025-03-08,86154.59375,86847.265625,85247.484375,86742.65625,18206118081,-0.006779571257010009,-0.0357824911826653,-0.007303133084179958,0.03899657851208138,0.04721358014903064,36.97236040813848,-0.029925538177022714,-0.0006811095258571938,0.26504098661503334,0.21749690380242348,-0.0644603432710168
2025-03-09,80601.0390625,86471.1328125,80052.484375,86154.3046875,30899345977,-0.0644603432710168,-0.006779571257010009,-0.0357824911826653,-0.007303133084179958,0.051807974960899034,32.68333551719893,-0.03774138528586235,-0.00679756530775746,0.05369739173351597,0.2347943184160343,-0.02567012890361897
2025-03-10,78532.0,83955.9296875,77420.59375,80597.1484375,54061099422,-0.02567012890361897,-0.0644603432710168,-0.006779571257010009,-0.0357824911826653,0.052270563009101774,34.828033942494386,-0.045022846294856075,-0.011263221053400947,0.03310715780249025,0.2558463528157907,0.05513944554449135
2025-03-11,82862.2109375,83577.7578125,76624.25,78523.875,54702837196,0.05513944554449135,-0.02567012890361897,-0.0644603432710168,-0.006779571257010009,0.055315246219573684,43.34248372471754,-0.04268343443208784,-0.007139047352506166,0.24791143416490136,0.25256924267980413,0.010380466895202334
2025-03-12,83722.359375,84358.578125,80635.25,82857.375,40353484454,0.010380466895202334,0.05513944554449135,-0.02567012890361897,-0.0644603432710168,0.04396448611660581,49.23044880685253,-0.0409543085314489,-0.004327937161493781,0.3046037713870482,0.2358040169093214,-0.0317197970748182
2025-03-13,81066.703125,84301.6953125,79931.8515625,83724.921875,31412940153,-0.0317197970748182,0.010380466895202334,0.05513944554449135,-0.02567012890361897,0.0361483231197502,45.75895073327962,-0.043382886330098576,-0.005405211968114762,0.2018179576415984,0.22919172235484828,0.03580259620308812
2025-03-14,83969.1015625,85263.2890625,80797.5625,81066.9921875,29588112414,0.03580259620308812,-0.0317197970748182,0.010380466895202334,0.05513944554449135,0.03808181286420018,49.555716273021545,-0.039470892972488625,-0.0011945748884038473,0.3654435042839533,0.2076617596057938,0.004454112352525463
2025-03-15,84343.109375,84672.671875,83639.59375,83968.40625,13650491277,0.004454112352525463,0.03580259620308812,-0.0317197970748182,0.010380466895202334,0.035300151654212616,48.088332858438804,-0.03661258741264725,0.0013309845371500262,0.4062375852936325,0.17942138507264824,-0.020907717157540473
2025-03-16,82579.6875,85051.6015625,82017.90625,84333.3203125,21330270174,-0.020907717157540473,0.004454112352525463,0.03580259620308812,-0.0317197970748182,0.03559147941983312,34.531694001181876,-0.03652456445883736,0.0011352059927679375,0.3116999210982358,0.1720360008699439,0.018115835083536647
2025-03-17,84075.6875,84725.328125,82492.15625,82576.3359375,25092785558,0.018115835083536647,-0.020907717157540473,0.004454112352525463,0.03580259620308812,0.03498495873478453,46.79358490395029,-0.03337702926004003,0.0034261929532522217,0.42789902994018475,0.16876657160793904,-0.016142449028442418
2025-03-18,82718.5,84075.71875,81179.9921875,84075.71875,24095774594,-0.016142449028442418,0.018115835083536647,-0.020907717157540473,0.004454112352525463,0.03523469466771877,42.78992548448592,-0.03285795172156163,0.003156216393384495,0.3407022264189061,0.17064621585602552,0.049997601050550955
2025-03-19,86854.2265625,87021.1875,82569.7265625,82718.8046875,34931960257,0.049997601050550955,-0.016142449028442418,0.018115835083536647,-0.020907717157540473,0.03163911748963904,44.10420733345081,-0.0263423004783238,0.0077374941092978634,0.617617430038615,0.17144713098950903,-0.030937253791171848
2025-03-20,84167.1953125,87443.265625,83647.1953125,86872.953125,29028988961,-0.030937253791171848,0.049997601050550955,-0.016142449028442418,0.018115835083536647,0.03229788825401222,41.47650355764329,-0.02541734078482286,0.006929963042239046,0.4342819697516754,0.1715880717385552,-0.0014727011460912154
2025-03-21,84043.2421875,84782.2734375,83171.0703125,84164.5390625,19030452299,-0.0014727011460912154,-0.030937253791171848,0.049997601050550955,-0.016142449028442418,0.027627741923885785,45.63148383168455,-0.023896789953831415,0.006760411098584395,0.43262439210015935,0.17184242972384106,-0.0025077306278807887
2025-03-22,83832.484375,84513.875,83674.78125,84046.2578125,9863214091,-0.0025077306278807887,-0.0014727011460912154,-0.030937253791171848,0.049997601050550955,0.027480991580268652,46.195644939489725,-0.022660650369741943,0.006397240546139094,0.4427001298401692,0.13927745325640506,0.026503933905394295
2025-03-23,86054.375,86094.78125,83794.9140625,83831.8984375,12594615537,0.026503933905394295,-0.0025077306278807887,-0.0014727011460912154,-0.030937253791171848,0.026033376673638597,60.029149500674,-0.018774970246026392,0.00822633653588372,0.6315394212637696,0.1392635258280475,0.016786352378946434
2025-03-24,87498.9140625,88758.7265625,85541.1953125,86070.9296875,34582604933,0.016786352378946434,0.026503933905394295,-0.0025077306278807887,-0.0014727011460912154,0.02427315004329578,66.87862402225846,-0.014394366276421936,0.010085552404390543,0.7519045466001255,0.13990617795542384,-0.0003109860024155253
2025-03-25,87471.703125,88542.3984375,86346.078125,87512.8203125,30005840049,-0.0003109860024155253,0.016786352378946434,0.026503933905394295,-0.0025077306278807887,0.024318459640564626,60.353788741049904,-0.011069327477022434,0.010728472963032037,0.789454398593255,0.12732345421571423,-0.00652577110204744
2025-03-26,86900.8828125,88292.15625,85861.453125,87460.234375,26704046038,-0.00652577110204744,-0.0003109860024155253,0.016786352378946434,0.026503933905394295,0.023081300589136537,57.233583087058456,-0.00891332629821185,0.010307579313474098,0.7775809512873567,0.11513808499846998,0.003178549412391707
2025-03-27,87177.1015625,87786.7265625,85837.9375,86896.2578125,24413471941,0.003178549412391707,-0.00652577110204744,-0.0003109860024155253,0.016786352378946434,0.022642572342115076,65.59478144842879,-0.006790465062607435,0.00994435243926281,0.800641141519914,0.11632908390945979,-0.032393289916566204
2025-03-28,84353.1484375,87489.859375,83557.640625,87185.234375,34198619509,-0.032393289916566204,0.003178549412391707,-0.00652577110204744,-0.0003109860024155253,0.02472486341133254,50.98409370811025,-0.007912385451510113,0.007057945640288107,0.5220066977277704,0.11447228191207212,-0.020812056603918605
2025-03-29,82597.5859375,84567.3359375,81634.140625,84352.0703125,16969396135,-0.020812056603918605,-0.032393289916566204,0.003178549412391707,-0.00652577110204744,0.019002709234123324,45.82296210796394,-0.010399767746316015,0.0036564506763857654,0.320748506658966,0.10883373577217081,-0.0031848691098436133
2025-03-30,82334.5234375,83505.0,81573.25,82596.984375,14763760943,-0.0031848691098436133,-0.020812056603918605,-0.032393289916566204,0.003178549412391707,0.01665027452783206,49.36793557579475,-0.012391826138921563,0.0013315138270241743,0.22718855713531447,0.0910234291181587,0.0026038970780313253
2025-03-31,82548.9140625,83870.125,81293.890625,82336.0625,29004228247,0.0026038970780313253,-0.0031848691098436133,-0.020812056603918605,-0.032393289916566204,0.016716402142296388,45.78525907154796,-0.013542324035610866,0.00014481274426789842,0.2589658115090644,0.09173621863221582,0.0317418810684309
2025-04-01,85169.171875,85487.3671875,82429.359375,82551.921875,28175650319,0.0317418810684309,0.0026038970780313253,-0.0031848691098436133,-0.020812056603918605,0.019756942016298903,56.32419211241073,-0.011419989759739714,0.0018137176161112413,0.5879964108809391,0.09164672713845666,-0.031507420800550134
2025-04-02,82485.7109375,88466.953125,82343.5390625,85180.609375,47584398470,-0.031507420800550134,0.0317418810684309,0.0026038970780313253,-0.0031848691098436133,0.020195749617278394,37.813175901572606,-0.012872463237666354,0.00028899531054768154,0.21628435145763694,0.08641086551374962,0.007481504135517403
2025-04-03,83102.828125,83909.296875,81282.1015625,82487.4765625,36852112080,0.007481504135517403,-0.031507420800550134,0.0317418810684309,0.0026038970780313253,0.019325057646020938,46.643051553585664,-0.012879496175881772,0.00022556989786581133,0.30926174217212526,0.08762981389629212,0.008916382019940938
2025-04-04,83843.8046875,84696.1484375,81670.75,83100.25,45157640207,0.008916382019940938,0.007481504135517403,-0.031507420800550134,0.0317418810684309,0.019787156747732286,49.39455115008719,-0.011994894655631343,0.0008881371344929938,0.41295533780370147,0.08793044593834302,-0.004043325726492686
2025-04-05,83504.796875,84207.015625,82377.734375,83844.703125,14380803631,-0.004043325726492686,0.008916382019940938,0.007481504135517403,-0.031507420800550134,0.01976820986287433,49.012898403655456,-0.011623858423116881,0.001007338693605966,0.35812020386653737,0.08603786901593057,-0.06335339642726368
2025-04-06,78214.484375,83704.71875,77097.7421875,83504.5078125,36294853736,-0.06335339642726368,-0.004043325726492686,0.008916382019940938,0.007481504135517403,0.02702271988318285,30.068301658641076,-0.017313226532075877,-0.003745623532282423,-0.15420431018382838,0.10939780885247741,0.013051950296130821
2025-04-07,79235.3359375,81119.0625,74436.6796875,78221.3359375,91262424987,0.013051950296130821,-0.06335339642726368,-0.004043325726492686,0.008916382019940938,0.026743252485016595,28.528579490323295,-0.019659644175589908,-0.004873632940637161,0.025030230009367323,0.12106504583942329,-0.03739976334343409
2025-04-08,76271.953125,80823.890625,76198.0234375,79218.4765625,48314590749,-0.03739976334343409,0.013051950296130821,-0.06335339642726368,-0.004043325726492686,0.028242628517317566,24.751880970496245,-0.025381443027006758,-0.008476345433643208,-0.10666231452277009,0.1434162883482198,0.0826253916648998
2025-04-09,82573.953125,83541.0,74589.671875,76273.5625,84213627038,0.0826253916648998,-0.03739976334343409,0.013051950296130821,-0.06335339642726368,0.04021931050129916,42.24857811686943,-0.020676997470024168,-0.0030175199013284942,0.42607353978045615,0.1437275019381529,-0.0356990599146636
2025-04-10,79626.140625,82700.9296875,78456.1328125,82565.9765625,44718000633,-0.0356990599146636,0.0826253916648998,-0.03739976334343409,0.013051950296130821,0.04184199160217748,37.65462643520334,-0.021902914215688435,-0.0033947493175942103,0.20989544878086275,0.149648394414883,0.04745546227457886
2025-04-11,83404.8359375,84247.4765625,78936.3203125,79625.046875,41656778779,0.04745546227457886,-0.0356990599146636,0.0826253916648998,-0.03739976334343409,0.04354452730543351,48.496502855534764,-0.01740258382914964,0.0008844648551556665,0.5149715527639509,0.14955148568390847,0.022567917271733462
2025-04-12,85287.109375,85856.1875,82769.375,83404.515625,24258059104,0.022567917271733462,0.04745546227457886,-0.0356990599146636,0.0826253916648998,0.04271897878553954,54.24702703542933,-0.012376228631044215,0.004728656042608874,0.671068758178278,0.14806991708090977,-0.01878516957885823
2025-04-13,83684.9765625,86015.1875,83027.0078125,85279.46875,28796984817,-0.01878516957885823,0.022567917271733462,0.04745546227457886,-0.0356990599146636,0.04329571575651727,52.04597544422303,-0.010289902411934644,0.005451985809374756,0.5597309607151773,0.14031127270388405,0.010245734631468162
2025-04-14,84542.390625,85785.0,83690.640625,83694.5234375,34090769777,0.010245734631468162,-0.01878516957885823,0.022567917271733462,0.04745546227457886,0.04332293468074401,52.9624541029464,-0.007458672200580921,0.006626572816582785,0.6549133477623043,0.13241986640684766,-0.01033089354397465
2025-04-15,83668.9921875,86429.3515625,83598.8203125,84539.6953125,28040322885,-0.01033089354397465,0.010245734631468162,-0.01878516957885823,0.022567917271733462,0.043460419984788765,47.64853537220083,-0.006124624753864405,0.006368496210639441,0.5956496338050196,0.12487971561199741,0.004360934564412222
2025-04-16,84033.8671875,85428.28125,83100.6171875,83674.5078125,29617804112,0.004360934564412222,-0.01033089354397465,0.010245734631468162,-0.01878516957885823,0.037126756724210515,52.61687485737949,-0.004580776583577006,0.006329875504741473,0.6585021620247922,0.11541361268230944,0.01025637449930672
2025-04-17,84895.75,85449.0703125,83749.75,84030.671875,21276866029,0.01025637449930672,0.004360934564412222,-0.01033089354397465,0.010245734631468162,0.03709340398636563,53.00573501375995,-0.0024960684720186153,0.006731666893039891,0.7435985722963759,0.11658202739069454,-0.005241078764249063
2025-04-18,84450.8046875,85095.046875,84298.8828125,84900.1875,12728372364,-0.005241078764249063,0.01025637449930672,0.004360934564412222,-0.01033089354397465,0.03403316037810602,51.027803720391255,-0.0012956228274821147,0.0063456900300611135,0.6848737172757376,0.11825526461463508,0.007254038339443714
2025-04-19,85063.4140625,85597.703125,84353.4609375,84450.8671875,15259300427,0.007254038339443714,-0.005241078764249063,0.01025637449930672,0.004360934564412222,0.02285631611845521,52.614902597325994,0.00024684480364344814,0.006310526128949342,0.7282400932827401,0.12083063705147147,0.0013036230231544543
2025-04-20,85174.3046875,85306.3828125,83976.84375,85066.0703125,14664050812,0.0013036230231544543,0.007254038339443714,-0.005241078764249063,0.01025637449930672,0.018422862125075996,64.1326685206543,0.0015471831045817993,0.006088691543910155,0.7212912721562922,0.12331684789207148,0.027527099529631727
2025-04-21,87518.90625,88460.09375,85143.8359375,85171.5390625,41396190190,0.027527099529631727,0.0013036230231544543,0.007254038339443714,-0.005241078764249063,0.014126338346222893,65.96253468244205,0.0046173777096421694,0.00732710891917642,0.9135032576335104,0.13076945273922858,0.06767662701452015
2025-04-22,93441.890625,93817.3828125,87084.53125,87521.875,55899038456,0.06767662701452015,0.027527099529631727,0.0013036230231544543,0.007254038339443714,0.024082774566055294,79.69907844090082,0.011615277529007522,0.011460006990833417,1.1908639452348857,0.17084868537829162,0.0027527134594511615
2025-04-23,93699.109375,94535.734375,91962.9609375,93427.5859375,41719568821,0.0027527134594511615,0.06767662701452015,0.027527099529631727,0.0013036230231544543,0.022166199242835558,74.33139163353611,0.01736668729365212,0.013769133404382412,1.0679451326222733,0.2008092050521207,0.0026114175645013393
2025-04-24,93943.796875,94016.1953125,91696.7109375,93692.3984375,31483175315,0.0026114175645013393,0.0027527134594511615,0.06767662701452015,0.027527099529631727,0.022348000967190883,85.51250977598747,0.021851104171394527,0.014602840225699855,0.990215263643111,0.2249855997005993,0.008267742531563593
2025-04-25,94720.5,95768.390625,92898.59375,93954.25,40915232364,0.008267742531563593,0.0026114175645013393,0.0027527134594511615,0.06767662701452015,0.02113335838077618,82.97755011618604,0.025598850467845602,0.014680469217720744,0.9540904653330915,0.24686769940363953,-0.0007767095032226168
2025-04-26,94646.9296875,95251.359375,93927.25,94714.6484375,17612825123,-0.0007767095032226168,0.008267742531563593,0.0026114175645013393,0.0027527134594511615,0.02141851437486062,80.49215767818612,0.028343830883116563,0.013940359706393363,0.9010183802360371,0.2509094642897641,-0.00942540809771053
2025-04-27,93754.84375,95301.203125,93665.3984375,94660.90625,18090367764,-0.00942540809771053,-0.0007767095032226168,0.008267742531563593,0.0026114175645013393,0.0224906622159101,84.3966339443876,0.0296837572074675,0.012224228824595437,0.8248534848547923,0.24970816519746805,0.013054325526514532
2025-04-28,94978.75,95598.4921875,92860.8046875,93755.3046875,32363449569,0.013054325526514532,-0.00942540809771053,-0.0007767095032226168,0.008267742531563593,0.021829897381115317,84.7777572976187,0.030822979255295528,0.01069076069793877,0.857463302240037,0.23371638459411842,-0.007306486319308303
2025-04-29,94284.7890625,95485.4140625,93796.6328125,94981.859375,25806129921,-0.007306486319308303,0.013054325526514532,-0.00942540809771053,-0.0007767095032226168,0.022653501038533464,85.80388808962948,0.03130987043959192,0.008942121505788131,0.7917285386526064,0.23477502355787608,-0.0008217291810309613
2025-04-30,94207.3125,95249.3203125,92979.640625,94286.46875,28344679831,-0.0008217291810309613,-0.007306486319308303,0.013054325526514532,-0.00942540809771053,0.02275980282923931,84.99029719964983,0.031116805351925517,0.00699924513449738,0.7659752571740991,0.22131420441648536,0.02425526614507767
2025-05-01,96492.3359375,97437.9609375,94153.6328125,94212.859375,32875889623,0.02425526614507767,-0.0008217291810309613,-0.007306486319308303,0.013054325526514532,0.022507652544906394,86.32864488623153,0.03175541892492309,0.00611028696599596,0.8425069475292215,0.22372841607379912,0.0043291974532626565
2025-05-02,96910.0703125,97905.8984375,96375.9453125,96494.96875,26421924677,0.0043291974532626565,0.02425526614507767,-0.0008217291810309613,-0.007306486319308303,0.009816486034926186,89.09781993663097,0.03267508667562111,0.005623963773355181,0.825121617943077,0.2286015075429289,-0.010507405827035687
2025-05-03,95891.796875,96943.8828125,95821.2890625,96904.6328125,15775154889,-0.010507405827035687,0.0043291974532626565,0.02425526614507767,-0.0008217291810309613,0.010803714831689966,83.13637661153473,0.03263521670345599,0.0044672750409520505,0.7505586184641275,0.22306427090878556,-0.016433317174712747
2025-05-04,94315.9765625,96318.921875,94173.4296875,95877.1875,18198688416,-0.016433317174712747,-0.010507405827035687,0.0043291974532626565,0.02425526614507767,0.01232721997919167,75.67301675619746,0.031161385829962824,0.002394755333967106,0.6537626625752874,0.21448927037366577,0.0045811763897039
2025-05-05,94748.0546875,95193.1875,93566.265625,94319.5625,25816260327,0.0045811763897039,-0.016433317174712747,-0.010507405827035687,0.0043291974532626565,0.012121301281157343,72.74529709480535,0.029454869314505607,0.0005505910548079078,0.6568733603221829,0.2005106941244168,0.02168299794413664
2025-05-06,96802.4765625,96889.1796875,93399.859375,94748.3828125,26551275827,0.02168299794413664,0.0045811763897039,-0.016433317174712747,-0.010507405827035687,0.013893149125109513,63.9757001414611,0.028994532054792018,7.22030360754515e-05,0.7479919633252896,0.18769227928505747,0.0023743581586117557
2025-05-07,97032.3203125,97625.8046875,95829.3359375,96800.1953125,76983822462,0.0023743581586117557,0.02168299794413664,0.0045811763897039,-0.016433317174712747,0.013269886135891031,63.893489467154254,0.028913965171708928,-6.69107760611562e-06,0.7418379756565292,0.17447104825496185,0.06399043746457878
2025-05-08,103241.4609375,103969.5390625,96913.875,97034.25,69895404397,0.06399043746457878,0.0023743581586117557,0.02168299794413664,0.0045811763897039,0.023312002621091173,75.88430913247075,0.031654230683259385,0.0021868595471554696,1.0572118046668344,0.17552741581942344,-0.002621130818400763
2025-05-09,102970.8515625,104297.4921875,102343.09375,103239.125,58198593958,-0.002621130818400763,0.06399043746457878,0.0023743581586117557,0.02168299794413664,0.02300147823248091,73.63463221289958,0.03468466904316378,0.00417383832564789,0.9998663937842106,0.16924950703500002,0.016756941758927724
2025-05-10,104696.328125,104961.765625,102830.484375,102973.7109375,42276713994,0.016756941758927724,-0.002621130818400763,0.06399043746457878,0.0023743581586117557,0.022831501844049907,76.29926858958868,0.037310035505021266,0.005439363830004304,1.0644552070823567,0.16219902502223368,-0.005635047193781384
2025-05-11,104106.359375,104937.9921875,103364.7421875,104701.0703125,46285517406,-0.005635047193781384,0.016756941758927724,-0.002621130818400763,0.06399043746457878,0.022836770936521266,77.5251591480748,0.039160772751920314,0.005832080861522676,0.9880065246081443,0.15593673953831227,-0.01242389281274392
2025-05-12,102812.953125,105747.453125,100814.40625,104106.9609375,63250475404,-0.01242389281274392,-0.005635047193781384,0.016756941758927724,-0.002621130818400763,0.02372127981768816,70.75479742724278,0.03949849484675437,0.004935842365085388,0.8572534488737671,0.1612485636570734,0.013197358248725033
2025-05-13,104169.8125,104997.421875,101515.09375,102812.4921875,52608876410,0.013197358248725033,-0.01242389281274392,-0.005635047193781384,0.016756941758927724,0.023043532811009272,75.29933516620845,0.03945901336694339,0.003917088708219524,0.8904691900935043,0.16857738023402702,-0.006051642240404331
2025-05-14,103539.4140625,104303.5625,102618.296875,104167.328125,45956071155,-0.006051642240404331,0.013197358248725033,-0.01242389281274392,-0.005635047193781384,0.02200344941760662,73.22683099744536,0.0391355748965703,0.0028749201902771443,0.8159701744167959,0.17153295504857885,0.00198211052629782
2025-05-15,103744.640625,104153.6171875,101440.8125,103538.828125,50408241840,0.00198211052629782,-0.006051642240404331,0.013197358248725033,-0.01242389281274392,0.022084325887242826,70.1349349401458,0.038330095125729796,0.0016555523355493151,0.795184518673621,0.17432627064288742,-0.0024613470244020386
2025-05-16,103489.2890625,104533.484375,103137.4765625,103735.65625,44386499364,-0.0024613470244020386,0.00198211052629782,-0.006051642240404331,0.013197358248725033,0.02190223733251445,68.43241113640343,0.037218125785174666,0.00043486639599534666,0.7534909425726554,0.17433167889398546,-0.0028814878109744146
2025-05-17,103191.0859375,103716.9453125,102659.1796875,103489.2890625,37898552742,-0.0028814878109744146,-0.0024613470244020386,0.00198211052629782,-0.006051642240404331,0.02208548884920878,71.30954721468677,0.03572175772416149,-0.0008492013320142711,0.7139521602608712,0.16942851107726,0.03154266519659865
2025-05-18,106446.0078125,106597.171875,103142.6015625,103186.953125,49887082058,0.03154266519659865,-0.0028814878109744146,-0.0024613470244020386,0.00198211052629782,0.013329875327123836,82.25058949233036,0.03545588923329506,-0.0008920558583045621,0.862645288072441,0.17321679429985887,-0.007889709931436006
2025-05-19,105606.1796875,107068.71875,102112.6875,106430.53125,61761126647,-0.007889709931436006,0.03154266519659865,-0.0028814878109744146,-0.0024613470244020386,0.013682361059463835,78.25626954786391,0.03534884020979675,-0.0007992839054423023,0.7861028101117224,0.1695364039264257,0.011220046530480143
2025-05-20,106791.0859375,107307.1171875,104206.515625,105605.40625,36515726122,0.011220046530480143,-0.007889709931436006,0.03154266519659865,-0.0028814878109744146,0.013148020829340573,77.22561274248845,0.03514197611593983,-0.0008049183994393791,0.8250430797158299,0.1651684965889715,0.027034018449719976
2025-05-21,109678.078125,110724.4609375,106127.234375,106791.3125,78086364051,0.027034018449719976,0.011220046530480143,-0.007889709931436006,0.03154266519659865,0.014957723055701705,80.1070990805996,0.03606820697565084,9.704996821729983e-05,0.9345561519494133,0.1729999009309106,0.018191448638679386
2025-05-22,111673.28125,111970.171875,109285.0703125,109673.4921875,70157575642,0.018191448638679386,0.027034018449719976,0.011220046530480143,-0.007889709931436006,0.014024909418177137,75.11361092638106,0.03786984719799095,0.001518952152445921,0.9710833997702162,0.1844097627329754,-0.03927066820202352
2025-05-23,107287.796875,111798.90625,106841.3046875,111679.359375,67548133399,-0.03927066820202352,0.018191448638679386,0.027034018449719976,0.011220046530480143,0.020394030770873643,60.32652023838669,0.037702606933885593,0.0010813695106724475,0.7181377072724529,0.17617956369718568,0.004691674073487251
2025-05-24,107791.15625,109454.5234375,106895.2890625,107278.5078125,45903627163,0.004691674073487251,-0.03927066820202352,0.018191448638679386,0.027034018449719976,0.02013729204405821,57.862832634790685,0.036133863056435296,-0.0003898994934222813,0.7302919837146018,0.15868467117154594,0.011543009819045436
2025-05-25,109035.390625,109313.3046875,106683.375,107802.2734375,47518041841,0.011543009819045436,0.004691674073487251,-0.03927066820202352,0.018191448638679386,0.020246126922778888,62.119947748578454,0.035146067363541214,-0.0011021561490530962,0.7965535356170032,0.13945220233561856,0.003714175371671846
2025-05-26,109440.3671875,110376.8828125,108735.640625,109023.78125,45950461571,0.003714175371671846,0.011543009819045436,0.004691674073487251,-0.03927066820202352,0.020080933159851284,67.04060655318168,0.0344629680350886,-0.0014282043820045692,0.8121725265136608,0.12477958500985464,-0.004072780217708405
2025-05-27,108994.640625,110744.2109375,107609.5546875,109440.40625,57450176272,-0.004072780217708405,0.003714175371671846,0.011543009819045436,0.004691674073487251,0.020141531316221876,63.0155838506594,0.0334482645786859,-0.001954326270725816,0.7793685364077108,0.10337328752716403,-0.010939184653144474
2025-05-28,107802.328125,109298.2890625,106812.9296875,108992.171875,49155377493,-0.010939184653144474,-0.004072780217708405,0.003714175371671846,0.011543009819045436,0.018490730324112,61.16137377929218,0.03163509437189958,-0.0030139971820097103,0.6522602141496562,0.10139381781261858,-0.020041963379443528
2025-05-29,105641.7578125,108910.046875,105374.3984375,107795.5703125,56022752042,-0.020041963379443528,-0.010939184653144474,-0.004072780217708405,0.003714175371671846,0.01954025747729829,54.50577344493657,0.02853731844655772,-0.004889418485881265,0.4367291492072452,0.09741139187638,-0.015554336978341854
2025-05-30,103998.5703125,106308.9453125,103685.7890625,105646.2109375,57655287183,-0.015554336978341854,-0.020041963379443528,-0.010939184653144474,-0.004072780217708405,0.019697263068651306,51.13476688433135,0.024417159256881753,-0.0072076621404457905,0.2836842230688609,0.09846971031818362,0.006149348357177731
2025-05-31,104638.09375,104927.1015625,103136.1171875,103994.71875,38997843858,0.006149348357177731,-0.015554336978341854,-0.020041963379443528,-0.010939184653144474,0.01716588808924827,53.175877752960645,0.020919497834331426,-0.008564258850396893,0.34102005922861445,0.09767586028281387,0.009690618169351017
2025-06-01,105652.1015625,105884.546875,103826.953125,104637.296875,37397056873,0.009690618169351017,0.006149348357177731,-0.015554336978341854,-0.020041963379443528,0.01609089786462342,48.06744359415174,0.018649996357646803,-0.008667008261665214,0.42120808277745747,0.09282907864356613,0.0021715582000447764
2025-06-02,105881.53125,105958.3125,103727.546875,105649.8125,45819706290,0.0021715582000447764,0.009690618169351017,0.006149348357177731,-0.015554336978341854,0.010900358379733533,50.6907996733867,0.0169530805343063,-0.008291139268004576,0.4343485524510583,0.09074991427750764,-0.004241178746647534
2025-06-03,105432.46875,106813.578125,104920.84375,105888.4765625,46196508367,-0.004241178746647534,0.0021715582000447764,0.009690618169351017,0.006149348357177731,0.010722562859800396,46.46084138126968,0.015188140212819312,-0.008044863671593254,0.37353528936875113,0.0873965186725275,-0.0066439151364365845
2025-06-04,104731.984375,105997.6953125,104232.703125,105434.3671875,44544857105,-0.0066439151364365845,-0.004241178746647534,0.0021715582000447764,0.009690618169351017,0.00962685398655416,35.45913398818908,0.013132950611575179,-0.008080042618269908,0.2881355396424496,0.08532694458944876,-0.030134359325224014
2025-06-05,101575.953125,105936.6875,100436.8828125,104750.78125,57479298400,-0.030134359325224014,-0.0066439151364365845,-0.004241178746647534,0.0021715582000447764,0.012222854935902258,22.211825655306228,0.009165833773937435,-0.00963772756472612,-0.009208012484197503,0.09193178519715112,0.027707252931573167
2025-06-06,104390.34375,105376.7734375,101169.5703125,101574.3671875,48856653697,0.027707252931573167,-0.030134359325224014,-0.0066439151364365845,-0.004241178746647534,0.01654151657685183,41.27131018134542,0.007632337159253608,-0.008936979343527959,0.26491050246143033,0.08912815304389153,0.011737496074678777
2025-06-07,105615.625,105972.7578125,103987.3125,104390.6484375,38365033776,0.011737496074678777,0.027707252931573167,-0.030134359325224014,-0.0066439151364365845,0.01705877700282527,43.719314706386506,0.00738712684088813,-0.007345751729514751,0.3986609573138959,0.08955750159843634,0.0016855786016509722
2025-06-08,105793.6484375,106497.0625,105075.328125,105617.5078125,36626232328,0.0016855786016509722,0.011737496074678777,0.027707252931573167,-0.030134359325224014,0.015833251954307008,40.02725457066841,0.0073023531753676745,-0.005944420316028166,0.4162003436061189,0.08941178308878268,0.04253991795791734
2025-06-09,110294.1015625,110561.421875,105400.234375,105793.0234375,55903193732,0.04253991795791734,0.0016855786016509722,0.011737496074678777,0.027707252931573167,0.01959762415018184,52.09778369549942,0.010125227826808109,-0.002497236531670187,0.8494943094110232,0.09451096171852366,-0.0003342625487465778
2025-06-10,110257.234375,110380.125,108367.7109375,110295.6875,54700101509,-0.0003342625487465778,0.04253991795791734,0.0016855786016509722,0.011737496074678777,0.019701544068949257,53.16604186387657,0.012432434610096832,-0.00015202379870517257,0.837854385177832,0.09591625488342612,-0.014244955298426398
2025-06-11,108686.625,110384.21875,108086.328125,110261.796875,50842662052,-0.014244955298426398,-0.0003342625487465778,0.04253991795791734,0.0016855786016509722,0.02056003872660891,52.17614990460239,0.013146666503769985,0.0004497664759743839,0.717993233386208,0.08772836215420944,-0.025371753999169577
2025-06-12,105929.0546875,108780.6953125,105785.6875,108685.9140625,54843867968,-0.025371753999169577,-0.014244955298426398,-0.0003342625487465778,0.04253991795791734,0.022445446884166997,50.68682273048175,0.011688266323766341,-0.0008069069632234086,0.4305198727476134,0.08778966645990226,0.0015285141831733462
2025-06-13,106090.96875,106182.546875,102822.0234375,105924.59375,69550440846,0.0015285141831733462,-0.025371753999169577,-0.014244955298426398,-0.0003342625487465778,0.022390690446908078,55.383442137047254,0.010250575573704398,-0.0017956781706282825,0.45662246177666493,0.08727670794566429,-0.0058304915798971235
2025-06-14,105472.40625,106203.7578125,104379.3671875,106108.0859375,38007870453,-0.0058304915798971235,0.0015285141831733462,-0.025371753999169577,-0.014244955298426398,0.022361912474833746,52.148884589009114,0.008606409133254219,-0.0027518756888627698,0.4064376604904737,0.08480640716464509,0.0007548627203146641
2025-06-15,105552.0234375,106157.1015625,104519.8828125,105464.84375,36744307742,0.0007548627203146641,-0.0058304915798971235,0.0015285141831733462,-0.025371753999169577,0.019551139288445516,49.72920089530708,0.007227827012831911,-0.003304366247428063,0.4333062435685754,0.0804716118353053,0.011792615001237072
2025-06-16,106796.7578125,108915.375,104997.625,105555.59375,50366626945,0.011792615001237072,0.0007548627203146641,-0.0058304915798971235,0.0015285141831733462,0.017994242393992176,52.3475050507358,0.006929463965256029,-0.0028821834360031563,0.5965217514845946,0.07672455924596223,-0.020559056941174436
2025-06-17,104601.1171875,107750.1953125,103396.53125,106794.1171875,55964092176,-0.020559056941174436,0.011792615001237072,0.0007548627203146641,-0.0058304915798971235,0.019007077546916832,48.042974271565946,0.005148547255092888,-0.0037304801169330375,0.3445363893908514,0.07599024607454213,0.0026979724986506692
2025-06-18,104883.328125,105581.8515625,103602.265625,104602.0703125,47318089133,0.0026979724986506692,-0.020559056941174436,0.011792615001237072,0.0007548627203146641,0.019024499092482345,50.36342433824953,0.003785619218265574,-0.0040747265230082815,0.38498107032096046,0.07644408817503635,-0.0018977187896134229
2025-06-19,104684.2890625,105250.890625,103940.7734375,104886.7734375,37333806920,-0.0018977187896134229,0.0026979724986506692,-0.020559056941174436,0.011792615001237072,0.011505655685559564,58.69955468754441,0.0025389440704601156,-0.004257121336650993,0.354206547538809,0.0754081168709324,-0.013131746055793259
2025-06-20,103309.6015625,106539.3828125,102372.2109375,104681.03125,50951862476,-0.013131746055793259,-0.0018977187896134229,0.0026979724986506692,-0.020559056941174436,0.011622066358299639,46.710111694722336,0.00048647276605732684,-0.005047674112843026,0.19985155473894356,0.07785648462875665,-0.010184874363913243
2025-06-21,102257.40625,104015.78125,100973.0625,103315.078125,38360555118,-0.010184874363913243,-0.013131746055793259,-0.0018977187896134229,0.0026979724986506692,0.011387117060140296,39.66837029003899,-0.001986300752963199,-0.006016358105490841,0.11966835474377895,0.08351068991097997,-0.012422235919953284
2025-06-22,100987.140625,103351.6328125,98286.203125,102212.03125,65536997201,-0.012422235919953284,-0.010184874363913243,-0.013131746055793259,-0.0018977187896134229,0.009526171544558265,36.14389397854762,-0.004957475342471191,-0.007190026155999067,0.0499810025881042,0.09237077312648327,0.04545759771084712
2025-06-23,105577.7734375,106116.859375,99705.75,100987.4765625,65237759656,0.04545759771084712,-0.012422235919953284,-0.010184874363913243,-0.013131746055793259,0.01856807506575223,36.47418783288568,-0.003427208579058786,-0.00452780751406933,0.5208951323610191,0.0923804362801232,0.004431419225533917
2025-06-24,106045.6328125,106316.828125,104740.2421875,105571.515625,48822986421,0.004431419225533917,0.04545759771084712,-0.012422235919953284,-0.010184874363913243,0.01851393796007101,38.21305769793365,-0.001995760641816985,-0.002477087661462023,0.5622229702792148,0.09230305422480063,0.012406215749838134
2025-06-25,107361.2578125,108168.3984375,105881.390625,106047.40625,51624120283,0.012406215749838134,0.004431419225533917,0.04545759771084712,-0.012422235919953284,0.018881186092765977,46.237008967012414,0.00012476319479162083,-0.0002852510598827337,0.6782231687416671,0.08660537984356811,-0.003737454466123835
2025-06-26,106960.0,108305.546875,106666.3515625,107375.0703125,43891990613,-0.003737454466123835,0.012406215749838134,0.004431419225533917,0.04545759771084712,0.018610088567910556,53.37920855008059,0.0014729199044623941,0.0008503245198304317,0.6207400247838034,0.08623556985137366,0.0012007263229245613
2025-06-27,107088.4296875,107772.46875,106449.9921875,106954.921875,45353692675,0.0012007263229245613,-0.003737454466123835,0.012406215749838134,0.004431419225533917,0.017111137274566233,53.27664676682799,0.0026046728607994883,0.0015856619809340206,0.6258878087118112,0.0867602904651955,0.002234353778444831
2025-06-28,107327.703125,107567.8828125,106883.9765625,107090.546875,30037708335,0.002234353778444831,0.0012007263229245613,-0.003737454466123835,0.012406215749838134,0.01711111513563789,56.25038163759905,0.0036331961884769736,0.0020913482468892046,0.6422963731721569,0.08747748050533255,0.009856422495764683
2025-06-29,108385.5703125,108526.3046875,107230.109375,107327.8203125,35534874438,0.009856422495764683,0.002234353778444831,0.0012007263229245613,-0.003737454466123835,0.01718392871899291,58.9557435242014,0.0051377919134829005,0.002876755177516105,0.7852898588745186,0.08183971129909812,-0.011535062936840146
2025-06-30,107135.3359375,108798.7890625,106759.6484375,108383.4375,42064804590,-0.011535062936840146,0.009856422495764683,0.002234353778444831,0.0012007263229245613,0.017017687719034953,51.06974232188733,0.005428278140035953,0.002533793123255326,0.6778643253335463,0.07329562210356148,-0.013413452013053329
2025-07-01,105698.28125,107550.6796875,105270.2265625,107144.3828125,44110692247,-0.013413452013053329,-0.011535062936840146,0.009856422495764683,0.002234353778444831,0.01733945398479511,53.64103936212522,0.004537881687738886,0.0013147173367666072,0.5125718840885085,0.06859878814125507,0.02990624847553991
2025-07-02,108859.3203125,109763.65625,105157.3984375,105703.1015625,56248657737,0.02990624847553991,-0.013413452013053329,-0.011535062936840146,0.009856422495764683,0.018180963458622128,61.07798847114456,0.005938817766760607,0.002172522732630662,0.8978250912766037,0.0738172976829389,0.007244728772290987
2025-07-03,109647.9765625,110541.4609375,108605.796875,108845.015625,50494742270,0.007244728772290987,0.02990624847553991,-0.013413452013053329,-0.011535062936840146,0.01248110009028907,63.38998267642856,0.00759488145934522,0.0030628691401722195,0.9347258464846451,0.08070169203699822,-0.014716556343200904
2025-07-04,108034.3359375,109751.984375,107296.3828125,109635.65625,42616442656,-0.014716556343200904,0.007244728772290987,0.02990624847553991,-0.013413452013053329,0.013784354026077042,62.583164244493304,0.007779804208747708,0.002598233511659765,0.7259868701545619,0.08238753062317826,0.0018220480395592098
2025-07-05,108231.1796875,108381.34375,107842.2734375,108015.8359375,30615537520,0.0018220480395592098,-0.014716556343200904,0.007244728772290987,0.02990624847553991,0.013289274108733606,66.66912278605906,0.007878144719927791,0.0021572592182718788,0.7280851354999571,0.08412295579235331,0.009247710575546852
2025-07-06,109232.0703125,109731.625,107847.015625,108231.1875,36746020463,0.009247710575546852,0.0018220480395592098,-0.014716556343200904,0.007244728772290987,0.013421038537729394,73.35766148719563,0.008535275757038687,0.0022515122043062193,0.8126605452503438,0.0877445184885369,-0.008534295352390808
2025-07-07,108299.8515625,109710.25,107527.0546875,109235.328125,45415696597,-0.008534295352390808,0.009247710575546852,0.0018220480395592098,-0.014716556343200904,0.013846661839275756,59.728037327859525,0.008400303039885908,0.0016932315897227514,0.6926108316827858,0.08772569422399043,0.006005750382996888
2025-07-08,108950.2734375,109198.96875,107499.5546875,108298.2265625,44282204127,0.006005750382996888,-0.008534295352390808,0.009247710575546852,0.0018220480395592098,0.013928742519480335,60.24676414203049,0.008568892173531167,0.0014894565786944067,0.7375469208044847,0.08863339073272111,0.021810695604753683
2025-07-09,111326.5546875,111925.375,108357.6796875,108950.2734375,57927418065,0.021810695604753683,0.006005750382996888,-0.008534295352390808,0.009247710575546852,0.015174468642816304,63.014534612398364,0.010160885533439811,0.0024651599508824402,0.9245386530355093,0.09442543459304154,0.041864660687494615
2025-07-10,115987.203125,116608.78125,110660.75,111329.1953125,95911605728,0.041864660687494615,0.021810695604753683,0.006005750382996888,-0.008534295352390808,0.018587669894255684,73.15439281042399,0.014181604248373704,0.005188702932653066,1.1764995355931382,0.11419154380289347,0.013189291760499877
2025-07-11,117516.9921875,118856.4765625,115245.6875,115986.234375,86928361085,0.013189291760499877,0.041864660687494615,0.021810695604753683,0.006005750382996888,0.01699853290216571,74.95485208308563,0.01830077391093485,0.00744629807617137,1.145021498210356,0.12988515800554654,-0.0006957770402219454
2025-07-12,117435.2265625,118219.8984375,116977.0234375,117530.7109375,45524560304,-0.0006957770402219454,0.013189291760499877,0.041864660687494615,0.021810695604753683,0.015892099066467224,74.37033342236853,0.021423527984204847,0.008455241719553093,1.066473187847105,0.1321727383949707,0.014313342548076147
2025-07-13,119116.1171875,119449.5703125,117265.4375,117432.203125,49021091807,0.014313342548076147,-0.0006957770402219454,0.013189291760499877,0.041864660687494615,0.016025067109847458,75.11788036258727,0.024408442962109225,0.009152125357965973,1.0575771460558576,0.149833900091441,0.006158578325259345
2025-07-14,119849.703125,123091.609375,118959.1953125,119115.7890625,181746419401,0.006158578325259345,0.014313342548076147,-0.0006957770402219454,0.013189291760499877,0.013892505805370778,80.49926592870982,0.027030562039172406,0.009419395548023322,1.0053621979293206,0.16505957803005256,-0.01729262210051885
2025-07-15,117777.1875,119935.5625,115765.6875,119853.8515625,98321661181,-0.01729262210051885,0.006158578325259345,0.014313342548076147,-0.0006957770402219454,0.016324137495161442,78.11769823695613,0.027998641978864685,0.00830998039017248,0.8482118561753805,0.1714211707601325,0.00816219450392297
2025-07-16,118738.5078125,120065.515625,117064.8203125,117777.1875,72162029070,0.00816219450392297,-0.01729262210051885,0.006158578325259345,0.014313342548076147,0.016323010729665233,75.62100550618129,0.02848399577416567,0.007036267348378769,0.8543418451236346,0.17697371780762824,0.004643278306736054
2025-07-17,119289.84375,120999.609375,117508.21875,118738.5078125,72363841798,0.004643278306736054,0.00816219450392297,-0.01729262210051885,0.006158578325259345,0.015294720469966992,75.31717263718028,0.028953219302532654,0.006004392701396601,0.8411924752175852,0.18126376154288884,-0.01078563897020779
2025-07-18,118003.2265625,120851.9140625,116925.984375,119284.109375,77945799785,-0.01078563897020779,0.004643278306736054,0.00816219450392297,-0.01729262210051885,0.01662350638309256,76.6332461712118,0.028541481516136745,0.00447412393200055,0.7514891911623406,0.18062787930973762,-0.0005360022928398989
2025-07-19,117939.9765625,118541.3984375,117388.4140625,117998.125,47564562765,-0.0005360022928398989,-0.01078563897020779,0.004643278306736054,0.00816219450392297,0.01607404147593855,76.12485683869568,0.02761835073449736,0.002840794520288927,0.7247466210204322,0.1800342737406081,-0.00541960002562214
2025-07-20,117300.7890625,118865.03125,116550.1328125,117944.109375,57515447231,-0.00541960002562214,-0.0005360022928398989,-0.01078563897020779,0.004643278306736054,0.010201694656106935,72.142686238979,0.026278454755783585,0.0012007188332601205,0.6735489786770632,0.17403623614719146,0.0011828564931994912
2025-07-21,117439.5390625,119671.5625,116584.3984375,117306.46875,69820091744,0.0011828564931994912,-0.00541960002562214,-0.0005360022928398989,-0.01078563897020779,0.009296842131161729,76.22374330553481,0.02487623303800879,-0.00016120230761174081,0.6618317386145475,0.16147470919040852,0.02176332622218302
2025-07-22,119995.4140625,120269.96875,116233.2265625,117426.5,79217583118,0.02176332622218302,0.0011828564931994912,-0.00541960002562214,-0.0005360022928398989,0.011555703958711847,78.56726606726606,0.024716650224873904,-0.00025662809659730487,0.7722537925005049,0.15936449770279743,-0.010337504434577038
2025-07-23,118754.9609375,120113.3515625,117391.390625,119997.4453125,66608604537,-0.010337504434577038,0.02176332622218302,0.0011828564931994912,-0.00541960002562214,0.0113158369218309,70.41221320294743,0.024150088132564248,-0.0006585521511255701,0.6841171497738486,0.1549515714499332,-0.0032584822936673197
2025-07-24,118368.0,119535.453125,117247.96875,118770.984375,72627318560,-0.0032584822936673197,-0.010337504434577038,0.02176332622218302,0.0011828564931994912,0.01111365363671081,58.55030206716519,0.02304386214727593,-0.0014118225091311123,0.6438163315798661,0.1433119924009679,-0.006185093838706357
2025-07-25,117635.8828125,118486.9765625,114759.8203125,118368.0,104857024569,-0.006185093838706357,-0.0032584822936673197,-0.010337504434577038,0.02176332622218302,0.009803004296354877,50.452929607512594,0.02149223110015615,-0.0023707628450007137,0.5793217818296277,0.1286170622028634,0.002647868724685587
2025-07-26,117947.3671875,118335.6875,117181.2265625,117644.84375,48508954046,0.002647868724685587,-0.006185093838706357,-0.0032584822936673197,-0.010337504434577038,0.009436272268049462,51.9175057741044,0.020077341308457904,-0.0030285221093591733,0.5794708078820007,0.11451771379695985,0.012727075099638885
2025-07-27,119448.4921875,119815.59375,117859.6875,117944.7265625,54683390892,0.012727075099638885,0.002647868724685587,-0.006185093838706357,-0.0032584822936673197,0.01024930381787799,51.26142559118948,0.01955091585344987,-0.002843958051493768,0.6852516341784742,0.09226951486083794,-0.012758768211219684
2025-07-28,117924.4765625,119819.7890625,117441.4375,119457.5234375,64822943193,-0.012758768211219684,0.012727075099638885,0.002647868724685587,-0.006185093838706357,0.010499792315176285,43.106962100025676,0.01832942154501174,-0.0032523618879455214,0.5047437094004252,0.062055355098471564,-1.9742508661990676e-05
2025-07-29,117922.1484375,119273.8671875,116987.3671875,117938.5859375,68463107433,-1.9742508661990676e-05,-0.012758768211219684,0.012727075099638885,0.002647868724685587,0.010498228348950568,50.60934479753201,0.016964327735679574,-0.0036939645578221506,0.42424924298333966,0.03321015859918659,-0.0007713643170961237
2025-07-30,117831.1875,118780.7265625,115800.828125,117921.9921875,68896148592,-0.0007713643170961237,-1.9742508661990676e-05,-0.012758768211219684,0.012727075099638885,0.010331503257542408,45.884967448096596,0.015651740458936775,-0.0040052414676519585,0.3564134675155218,0.028288508508417572,-0.017592832754910526
2025-07-31,115758.203125,118919.984375,115505.21875,117833.6328125,69370346018,-0.017592832754910526,-0.0007713643170961237,-1.9742508661990676e-05,-0.012758768211219684,0.011795735481695166,35.9253553454694,0.013264678895208886,-0.005113842425103878,-0.11581802688787136,0.03386623474468848,-0.021062154747402473
2025-08-01,113320.0859375,116060.7734375,112724.4453125,115738.953125,91294530181,-0.021062154747402473,-0.017592832754910526,-0.0007713643170961237,-1.9742508661990676e-05,0.010114620341541444,32.90526289373031,0.009544566720768533,-0.0070671636796353875,-0.2936100632325426,0.050159658953309885,-0.006999393518263508
2025-08-02,112526.9140625,114021.6015625,112005.765625,113320.390625,56870866000,-0.006999393518263508,-0.021062154747402473,-0.017592832754910526,-0.0007713643170961237,0.00999754344303662,31.24051022242631,0.005779677917835673,-0.008665641986054597,-0.18016076775380796,0.06448299859017527,0.015025363723748075
2025-08-03,114217.671875,114747.421875,111943.8046875,112525.8046875,48099615826,0.015025363723748075,-0.006999393518263508,-0.021062154747402473,-0.017592832754910526,0.011907413550989034,40.04103314701021,0.0038521283609314755,-0.008474553234367037,0.09647642710429727,0.0673186616793255,0.007478798363486527
2025-08-04,115071.8828125,115729.46875,114130.40625,114223.921875,35783028986,0.007478798363486527,0.015025363723748075,-0.006999393518263508,-0.021062154747402473,0.012341000418685612,42.689965381899015,0.0029396862909185084,-0.007509596243504004,0.2305138621608349,0.06960853022269717,-0.008085706753543476
2025-08-05,114141.4453125,115117.4375,112701.109375,115072.1875,61039182286,-0.008085706753543476,0.007478798363486527,0.015025363723748075,-0.006999393518263508,0.012345804869748319,29.90967628460872,0.001581486950670677,-0.007094236467001468,0.15862258005770397,0.07259159458772378,0.007767158415357134
2025-08-06,115028.0,115737.8359375,113372.25,114140.9140625,56379133510,0.007767158415357134,-0.008085706753543476,0.007478798363486527,0.015025363723748075,0.011718260162967575,36.89095484650318,0.001091696429295202,-0.006067221590701554,0.2856536403183445,0.07191102275114444,0.021463456180234486
2025-08-07,117496.8984375,117676.90625,114279.7109375,115030.0546875,64051649681,0.021463456180234486,0.007767158415357134,-0.008085706753543476,0.007478798363486527,0.013621911958621745,47.32744433583872,0.0023664583702076776,-0.0038339677198312625,0.5830084895725587,0.0715196548059442,-0.0068782400705657
2025-08-08,116688.7265625,117689.203125,115917.4609375,117505.5,59713005166,-0.0068782400705657,0.021463456180234486,0.007767158415357134,-0.008085706753543476,0.013779124393257482,47.10760521659799,0.002826960618324951,-0.002698772377371192,0.49370220229831563,0.07096977989986875,-0.0016142706587778388
2025-08-09,116500.359375,117906.609375,116363.8359375,116678.2734375,54004312429,-0.0016142706587778388,-0.0068782400705657,0.021463456180234486,0.007767158415357134,0.013780383002444956,45.54769609613017,0.003018795314684592,-0.002005550144809241,0.4757542146851577,0.07086874535991107,0.02408918266480664
2025-08-10,119306.7578125,119320.7109375,116485.1640625,116497.71875,64755458694,0.02408918266480664,-0.0016142706587778388,-0.0068782400705657,0.021463456180234486,0.014505349938779772,49.59632199540027,0.004933900345712415,-7.235609102513446e-05,0.7930409014590799,0.07341060793353398,-0.004822128356753663
2025-08-11,118731.4453125,122321.09375,118159.03125,119306.8125,90528784177,-0.004822128356753663,0.02408918266480664,-0.0016142706587778388,-0.0068782400705657,0.012227586660147135,52.42965223879333,0.006078385940663002,0.000857703603140361,0.742627198816826,0.0706302896160039,0.012140515376580119
2025-08-12,120172.90625,120302.46875,118228.71875,118717.6640625,72803657984,0.012140515376580119,-0.004822128356753663,0.02408918266480664,-0.0016142706587778388,0.011670727019700776,56.23623565553456,0.0077613104852677275,0.0020325025181960697,0.8907653492412474,0.07385637032346963,0.026388279596092357
2025-08-13,123344.0625,123682.453125,118939.6328125,120168.9765625,90904808795,0.026388279596092357,0.012140515376580119,-0.004822128356753663,0.02408918266480664,0.013047981804297592,63.047607213859706,0.010866807605075333,0.004110399710402939,1.1074014964202354,0.0885175839884187,-0.040411222672351976
2025-08-14,118359.578125,124457.1171875,117254.8828125,123339.3984375,104055627395,-0.040411222672351976,0.026388279596092357,0.012140515376580119,-0.004822128356753663,0.020073263330036374,55.411076443057716,0.010534408553224892,0.0030224005268419986,0.6221873611172185,0.08895563738434116,-0.008121240187970669
2025-08-15,117398.3515625,119332.3125,116864.5703125,118365.78125,68665353159,-0.008121240187970669,-0.040411222672351976,0.026388279596092357,0.012140515376580119,0.020075447504073553,59.03846513454383,0.009222435508969652,0.001368341986069407,0.5326186772990978,0.08874882052888422,0.0007921746665282559
2025-08-16,117491.3515625,117996.0625,117271.953125,117398.421875,48036922378,0.0007921746665282559,-0.008121240187970669,-0.040411222672351976,0.026388279596092357,0.02001249072415836,61.35484479667893,0.008078654043614984,0.00017964841657179022,0.5521657104884095,0.08682107534200532,-0.00032588834829794244
2025-08-17,117453.0625,118595.7734375,117279.5234375,117492.7890625,45852169525,-0.00032588834829794244,0.0007921746665282559,-0.008121240187970669,-0.040411222672351976,0.018846730515825538,58.005234630521684,0.007072491952570801,-0.0006612109395779144,0.5508611930119688,0.08659119345664743,-0.01022323279139703
2025-08-18,116252.3125,117614.171875,114723.6796875,117453.90625,72787808090,-0.01022323279139703,-0.00032588834829794244,0.0007921746665282559,-0.008121240187970669,0.019013756202687034,52.87146181817629,0.0054416292621946175,-0.0018336589039632785,0.440367131560248,0.086425868671231,-0.029428514056440758
2025-08-19,112831.1796875,116764.5,112730.3984375,116241.859375,71657600353,-0.029428514056440758,-0.01022323279139703,-0.00032588834829794244,0.0007921746665282559,0.021155637907235396,47.157183605861576,0.0017485243387411137,-0.0044214110619334255,0.1462347831668454,0.09147446727551677,0.012794003430595335
2025-08-20,114274.7421875,114625.796875,112387.9609375,112828.0234375,67993811526,0.012794003430595335,-0.029428514056440758,-0.01022323279139703,-0.00032588834829794244,0.01980766909351668,48.40426429859755,-0.0002700698815305234,-0.005152004225764051,0.29203884527118973,0.09307847345098347,-0.01623902974513114
2025-08-21,112419.03125,114802.6484375,111986.234375,114275.6875,57817883700,-0.01623902974513114,0.012794003430595335,-0.029428514056440758,-0.01022323279139703,0.02017808969133227,38.95588757542237,-0.0031782391077874073,-0.006448138761616748,0.13360290231264435,0.09527444650902998,0.03962900798880531
2025-08-22,116874.0859375,117377.3984375,111678.9453125,112433.734375,82528088240,0.03962900798880531,-0.01623902974513114,0.012794003430595335,-0.029428514056440758,0.02426993770303031,50.34795019411063,-0.0021697344243582495,-0.004351707262550072,0.5163936744339696,0.08958531165338804,-0.012832252765613172
2025-08-23,115374.328125,116996.25,114536.109375,116866.3671875,55377142586,-0.012832252765613172,0.03962900798880531,-0.01623902974513114,0.012794003430595335,0.02215732642596983,47.98543799238187,-0.002505594670091343,-0.0037500540066265327,0.3650631499516972,0.0879829317777004,-0.016605933647771742
2025-08-24,113458.4296875,115615.0859375,111060.546875,115387.390625,73961489632,-0.016605933647771742,-0.012832252765613172,0.03962900798880531,-0.01623902974513114,0.019180418653802,39.192497264146304,-0.0041110392129162536,-0.004284398839561155,0.19588158690332738,0.0907839705946042,-0.029385900493979156
2025-08-25,110124.3515625,113637.84375,109324.28125,113456.8984375,85706860190,-0.029385900493979156,-0.016605933647771742,-0.012832252765613172,0.03962900798880531,0.02079222982597704,35.5661053686309,-0.007864136692915993,-0.006429997055648715,-0.032730097490012135,0.10240862508612862,0.015240086898922645
2025-08-26,111802.65625,112397.015625,108762.0390625,110124.1015625,69396320317,0.015240086898922645,-0.029385900493979156,-0.016605933647771742,-0.012832252765613172,0.02180789854615549,36.073910470979335,-0.009260597559543431,-0.006261166337820923,0.14135829354680413,0.10823263146662976,-0.005193022862549412
2025-08-27,111222.0625,112619.4140625,110398.265625,111795.7109375,62137056409,-0.005193022862549412,0.015240086898922645,-0.029385900493979156,-0.016605933647771742,0.021752735847989837,27.92937701060221,-0.010812052540322073,-0.006250097054879651,0.1411048906861976,0.11485831435108879,0.01189280397942638
2025-08-28,112544.8046875,113450.078125,110900.921875,111219.0546875,58860155962,0.01189280397942638,-0.005193022862549412,0.015240086898922645,-0.029385900493979156,0.0223052947677561,37.78414154613968,-0.010789460604317876,-0.004982004095100363,0.26186503268264333,0.11793134975184912,-0.036731759955323295
2025-08-29,108410.8359375,112619.0546875,107559.625,112550.5234375,77843379644,-0.036731759955323295,0.01189280397942638,-0.005193022862549412,0.015240086898922645,0.023360886222801577,33.339695828327336,-0.014200127801425298,-0.006714137033766228,0.03890731263006998,0.13121467951214855,0.003664157476186425
2025-08-30,108808.0703125,108929.3515625,107444.4453125,108409.40625,51486264208,0.003664157476186425,-0.036731759955323295,0.01189280397942638,-0.005193022862549412,0.02281479415241794,34.08319027021888,-0.01603707414943849,-0.0068408667054235366,0.1154020707177586,0.1371575304640238,-0.00525107534173741
2025-08-31,108236.7109375,109491.0,108104.65625,108818.4609375,47986191770,-0.00525107534173741,0.003664157476186425,-0.036731759955323295,0.01189280397942638,0.022456752418773054,33.429877076685415,-0.017846738818174092,-0.006920425099327309,0.12704198717356996,0.14318053505925454,0.009367272930950854
2025-09-01,109250.59375,109890.5859375,107271.1796875,108228.75,66870372995,0.009367272930950854,-0.00525107534173741,0.003664157476186425,-0.036731759955323295,0.01747746584348334,37.32641736759639,-0.018078268448763368,-0.005721563783933268,0.21599974219450893,0.14066161345482103,0.017848801737061493
2025-09-02,111200.5859375,111748.015625,108454.03125,109243.0703125,74776999491,0.017848801737061493,0.009367272930950854,-0.00525107534173741,0.003664157476186425,0.01889420218230201,46.88248512161707,-0.01646567972516955,-0.0032871800482715593,0.35131960250461225,0.11817492216937595,0.004699840343410866
2025-09-03,111723.2109375,112600.2265625,110582.9609375,111190.6953125,61119643565,0.004699840343410866,0.017848801737061493,0.009367272930950854,-0.00525107534173741,0.018450097298499012,44.94369880548453,-0.014818427341632839,-0.0013119421317878775,0.4092876645543027,0.11080040093877835,-0.008947195185422974
2025-09-04,110723.6015625,112208.328125,109347.2265625,111718.1484375,60131132901,-0.008947195185422974,0.004699840343410866,0.017848801737061493,0.009367272930950854,0.015968761826503,46.52221000361216,-0.014260649697089746,-0.0006033315897958254,0.34837546045555284,0.10551314982967407,-0.0006558419928113235
2025-09-05,110650.984375,113357.4921875,110233.3984375,110723.015625,60241647677,-0.0006558419928113235,-0.008947195185422974,0.004699840343410866,0.017848801737061493,0.015124904264758699,34.43653746432773,-0.013617565103023407,3.1802403416410566e-05,0.3609314825258803,0.09812205362545795,-0.0038525555367432407
2025-09-06,110224.6953125,111275.015625,110024.0859375,110650.5703125,21500719036,-0.0038525555367432407,-0.0006558419928113235,-0.008947195185422974,0.004699840343410866,0.015088827568239385,36.39045496533984,-0.013309808665740634,0.0002716470725593473,0.3394602236626834,0.08888717004211996,0.008554542812086785
2025-09-07,111167.6171875,111591.078125,110211.625,110221.328125,24618007520,0.008554542812086785,-0.0038525555367432407,-0.0006558419928113235,-0.008947195185422974,0.014811269191791291,43.6175621953789,-0.012089910882482397,0.0011932358846540678,0.45586264571288837,0.08092867608172627,0.008130177859939192
2025-09-08,112071.4296875,112869.234375,110630.609375,111163.015625,40212813407,0.008130177859939192,0.008554542812086785,-0.0038525555367432407,-0.0006558419928113235,0.008106264384243864,56.274439311958155,-0.010352097539986916,0.0023448393817196416,0.5606037356547082,0.08037971784415532,-0.004826232823193166
2025-09-09,111530.546875,113225.4375,110776.703125,112077.578125,45984480722,-0.004826232823193166,0.008130177859939192,0.008554542812086785,-0.0038525555367432407,0.008505199827053389,49.05376505336732,-0.009379244521683051,0.0026541539200188053,0.5162635688893237,0.07706676334442955,0.02174124101370767
2025-09-10,113955.359375,114275.25,110940.078125,111531.25,56377473784,0.02174124101370767,-0.004826232823193166,0.008130177859939192,0.008554542812086785,0.009932929665203634,58.42427108535853,-0.006593131331269203,0.004352213688346122,0.7812292335082868,0.07935473311597911,0.013620945043858246
2025-09-11,115507.5390625,115522.546875,113453.8359375,113961.4296875,45685065332,0.013620945043858246,0.02174124101370767,-0.004826232823193166,0.008130177859939192,0.010217922800012338,59.004074306228276,-0.0033591814024528733,0.006068930893729961,1.0007899520345125,0.07363841101974607,0.005142859655061782
2025-09-12,116101.578125,116769.3828125,114794.484375,115507.7890625,54785725894,0.005142859655061782,0.013620945043858246,0.02174124101370767,-0.004826232823193166,0.009276508466429335,79.78078001220982,-0.00044405267072805996,0.00718724770036382,1.0476470315388537,0.07645400460559618,-0.0013011908618274504
2025-09-13,115950.5078125,116334.6328125,115248.2734375,116093.5625,34549454947,-0.0013011908618274504,0.005142859655061782,0.013620945043858246,0.02174124101370767,0.009444717370894548,78.1951075089745,0.001729926872945895,0.00748898179523022,0.973279833528109,0.08314735699876966,-0.004681752350561785
2025-09-14,115407.65625,116181.5,115222.3984375,115950.2890625,32798036057,-0.004681752350561785,-0.0013011908618274504,0.005142859655061782,0.013620945043858246,0.008886877908341972,78.37149969924783,0.0030547546958012263,0.0070510476944684415,0.8664713383752424,0.08743437700270859,0.0003224981011604733
2025-09-15,115444.875,116747.8828125,114461.0625,115399.6328125,52937859416,0.0003224981011604733,-0.004681752350561785,-0.0013011908618274504,0.005142859655061782,0.008832858496546914,76.55999807047846,0.004075949763373156,0.006457794209632297,0.833832008879814,0.09195191550412403,0.012112382641498831
2025-09-16,116843.1875,117005.2734375,114813.09375,115423.7578125,45781744593,0.012112382641498831,0.0003224981011604733,-0.004681752350561785,-0.0013011908618274504,0.008639270707346615,75.39597871423217,0.005727213150584824,0.0064872460774751724,0.9092188896083405,0.09913912075579312,-0.0032066883445814875
2025-09-17,116468.5078125,117328.609375,114794.9765625,116840.5078125,60528025996,-0.0032066883445814875,0.012112382641498831,0.0003224981011604733,-0.004681752350561785,0.009026820819685595,71.6456908754239,0.006759759766039701,0.00601583415434404,0.8392668817483985,0.10441267452900439,0.005741425944741474
2025-09-18,117137.203125,117911.7890625,116188.796875,116461.265625,49457272032,0.005741425944741474,-0.0032066883445814875,0.012112382641498831,0.0003224981011604733,0.00895746240369487,80.16637159556666,0.007889971411701578,0.005716836640004733,0.8576839846526454,0.10440717067869013,-0.012364506846338497
2025-09-19,115688.859375,117479.7578125,115141.8203125,117137.671875,38828473971,-0.012364506846338497,0.005741425944741474,-0.0032066883445814875,0.012112382641498831,0.010074011011847362,70.98046437295596,0.007826209079607663,0.004522459446328654,0.7132934625820362,0.10036195093985648,0.0002861257573012477
2025-09-20,115721.9609375,116191.1484375,115473.5234375,115691.125,22864449614,0.0002861257573012477,-0.012364506846338497,0.005741425944741474,-0.0032066883445814875,0.007846111010894172,73.66874454238072,0.007630317549555388,0.0034612543330211033,0.6980541485621274,0.09257007577252495,-0.003593675600818802
2025-09-21,115306.09375,115901.0859375,115252.578125,115730.2265625,22495852193,-0.003593675600818802,0.0002861257573012477,-0.012364506846338497,0.005741425944741474,0.0067145034804738215,68.66555178996907,0.0071305900644627876,0.0023692214783428015,0.6398451488374389,0.08565218558405938,-0.02218083931492132
2025-09-22,112748.5078125,115431.3125,112037.6484375,115309.21875,70684158591,-0.02218083931492132,-0.003593675600818802,0.0002861257573012477,-0.012364506846338497,0.009358381310724384,52.6573674443819,0.004977231807958258,0.00017269057747061785,0.366122365538597,0.08321162465997024,-0.00651013327573835
2025-09-23,112014.5,113351.9140625,111535.5703125,112757.4765625,47211853279,-0.00651013327573835,-0.02218083931492132,-0.003593675600818802,0.0002861257573012477,0.00940517965960912,51.87103493186517,0.0026043073002362154,-0.0017601871442011405,0.2859610866899904,0.08271047767487767,0.011731809832655538
2025-09-24,113328.6328125,113986.2734375,111229.640625,112007.6640625,48044595085,0.011731809832655538,-0.00651013327573835,-0.02218083931492132,-0.003593675600818802,0.010523791335699606,47.34934018491608,0.0016069650762844528,-0.0022060234945223225,0.40657932883660286,0.07828046336482952,-0.03776048156409062
2025-09-25,109049.2890625,113541.0859375,108713.3984375,113330.1640625,75528654284,-0.03776048156409062,0.011731809832655538,-0.00651013327573835,-0.02218083931492132,0.015430665739424679,27.80555698747358,-0.0022669131295992148,-0.004863921360324793,-0.026583460805598206,0.08379833052450308,0.0060847628462732395
2025-09-26,109712.828125,110359.1953125,108728.9765625,109041.296875,57738288949,0.0060847628462732395,-0.03776048156409062,0.011731809832655538,-0.00651013327573835,0.014766436733924316,28.148781530568627,-0.004810908457295571,-0.005926333350416919,0.05404701405721378,0.08542326572155366,-0.0002814877077529365
2025-09-27,109681.9453125,109778.5,109144.296875,109707.140625,26308042910,-0.0002814877077529365,0.0060847628462732395,-0.03776048156409062,0.011731809832655538,0.014860495003543927,28.382124089888222,-0.006784348206666841,-0.006319818479830551,0.07804568518033672,0.08943817391963972,0.02225248016477188
2025-09-28,112122.640625,112375.484375,109236.9453125,109681.9453125,33371048505,0.02225248016477188,-0.0002814877077529365,0.0060847628462732395,-0.03776048156409062,0.017051495266834336,39.982513317514325,-0.006335996403124949,-0.004697173341030927,0.31706456216900925,0.08936607785048649,0.02031473906432546
2025-09-29,114400.3828125,114473.5703125,111589.953125,112117.875,60000147466,0.02031473906432546,0.02225248016477188,-0.0002814877077529365,0.0060847628462732395,0.018398360603350053,47.19778900008258,-0.004319917050162627,-0.002144875190454884,0.5272855345474059,0.08695327367023582,-0.003009577997342028
2025-09-30,114056.0859375,114836.6171875,112740.5625,114396.5234375,58986330258,-0.003009577997342028,0.02031473906432546,0.02225248016477188,-0.0002814877077529365,0.018402963098102326,42.07440372911735,-0.003039201437739184,-0.0006913276624251528,0.4920836222760407,0.08693997060305428,0.04026829179914837
2025-10-01,118648.9296875,118648.9296875,113981.3984375,114057.59375,71328680132,0.04026829179914837,-0.003009577997342028,0.02031473906432546,0.02225248016477188,0.022553340819942366,55.000720291212666,0.0011740675135022412,0.002817553031053018,0.9087702136608358,0.09326434192492675,0.017128920845327356
2025-10-02,120681.2578125,121086.40625,118383.15625,118652.3828125,71415163912,0.017128920845327356,0.04026829179914837,-0.003009577997342028,0.02031473906432546,0.021033712894595682,57.649684679990415,0.005639323309474582,0.0058262470616202875,1.0127397181482485,0.10491549513331917,0.013136036748664148
2025-10-03,122266.53125,123944.703125,119344.3125,120656.984375,83941392228,0.013136036748664148,0.017128920845327356,0.04026829179914837,-0.003009577997342028,0.02054107531003248,64.11418187426449,0.010005425392935802,0.008153879316065206,1.0369394543670045,0.12049964421786827,0.001299606980548873
2025-10-04,122425.4296875,122857.640625,121577.5703125,122267.46875,36769171735,0.001299606980548873,0.013136036748664148,0.017128920845327356,0.04026829179914837,0.02065077754086504,64.30687575198952,0.013455610136176768,0.009283251247444937,0.9695344549850714,0.13382863203697987,0.008887425412982486
2025-10-05,123513.4765625,125559.2109375,122191.9609375,122419.671875,73689317763,0.008887425412982486,0.001299606980548873,0.013136036748664148,0.017128920845327356,0.013049230721461828,67.02803565020321,0.01657722005423218,0.00992388893240028,0.9626775572214784,0.14813902804954274,0.010031736794915869
2025-10-06,124752.53125,126198.0703125,123196.046875,123510.453125,72568881188,0.010031736794915869,0.008887425412982486,0.001299606980548873,0.013136036748664148,0.0128887009292016,76.34646888746455,0.019531199471869914,0.01030229468003041,0.9620581705671617,0.16357263755056692,-0.026461574802715715
2025-10-07,121451.3828125,125184.0234375,120681.96875,124752.140625,76149412513,-0.026461574802715715,0.010031736794915869,0.008887425412982486,0.001299606980548873,0.017661927944864816,68.61448332338338,0.020174955925147356,0.00875684090664628,0.7662264720024067,0.16855609495733487,0.01567280940669602
2025-10-08,123354.8671875,124167.09375,121119.1796875,121448.3515625,65354305286,0.01567280940669602,-0.026461574802715715,0.010031736794915869,0.008887425412982486,0.017289320418166543,69.32762250716112,0.02095530659537313,0.0076297532614976425,0.8305653668131355,0.1767255890330827,-0.013370216251727518
2025-10-09,121705.5859375,123739.34375,119812.03125,123337.0703125,74653009425,-0.013370216251727518,0.01567280940669602,-0.026461574802715715,0.010031736794915869,0.0182519048630007,77.15067765829289,0.02078310102713951,0.0059660381546112196,0.7304426720501968,0.18043305765254472,-0.06976852117831744
2025-10-10,113214.3671875,122509.6640625,104582.4140625,121704.7421875,153125018868,-0.06976852117831744,-0.013370216251727518,0.01567280940669602,-0.026461574802715715,0.030294947365404657,55.623120438711716,0.01572003463789929,0.0007223774122967971,0.33544029945519643,0.18260366330225253,-0.02125599811033263
2025-10-11,110807.8828125,113429.7265625,109760.5625,113236.4296875,110236934340,-0.02125599811033263,-0.06976852117831744,-0.013370216251727518,0.01567280940669602,0.027228944865835176,51.67996228827369,0.008845228484290051,-0.004921942993049955,0.24065682047482945,0.18829752601656258,0.03936437283871608
2025-10-12,115169.765625,115805.0625,109715.5390625,110811.515625,93710414091,0.03936437283871608,-0.02125599811033263,-0.06976852117831744,-0.013370216251727518,0.030124145129635058,54.299963795070404,0.005994896479533182,-0.006217819998245461,0.43324411408231117,0.18601960164974307,0.000879679657679322
2025-10-13,115271.078125,116020.484375,113821.1875,115161.6796875,71582026739,0.000879679657679322,0.03936437283871608,-0.02125599811033263,-0.06976852117831744,0.02958280665228864,51.309097563823336,0.004022512066109525,-0.006552163529335296,0.4291346784006173,0.18242148590347537,-0.01867262888064536
2025-10-14,113118.6640625,115502.8828125,110029.484375,115264.8828125,92212917403,-0.01867262888064536,0.000879679657679322,0.03936437283871608,-0.02125599811033263,0.029748561595146036,48.66325768969397,0.0009639287905583263,-0.007688597443909194,0.3288276253146257,0.18269017429774143,-0.02064646024028005
2025-10-15,110783.1640625,113622.3828125,110235.8359375,113113.96875,72574132855,-0.02064646024028005,-0.01867262888064536,0.000879679657679322,0.03936437283871608,0.029408356332882604,38.011816508343244,-0.0032167754801491347,-0.009495441371693324,0.20876652876793075,0.17846906966033707,-0.023443318504017374
2025-10-16,108186.0390625,111990.8125,107537.03125,110782.171875,87306423067,-0.023443318504017374,-0.02064646024028005,-0.01867262888064536,0.000879679657679322,0.028718477835307076,31.27839749184362,-0.008541891409586293,-0.011856445840904386,0.09716090157265925,0.1826927848248523,-0.01588236351834038
2025-10-17,106467.7890625,109235.8046875,103598.4296875,108179.1328125,99703051669,-0.01588236351834038,-0.023443318504017374,-0.02064646024028005,-0.01867262888064536,0.028392011175396574,26.4226744626649,-0.014046201588748485,-0.013888604816053262,0.0468321090802788,0.192098631005387,0.006861009972426446
2025-10-18,107198.265625,107490.984375,106387.453125,106483.734375,37779905278,0.006861009972426446,-0.01588236351834038,-0.023443318504017374,-0.02064646024028005,0.027537030743666445,27.656844702519905,-0.017423757074854225,-0.013812928241727201,0.11177270173717811,0.20308814842794146,0.013698405510000455
2025-10-19,108666.7109375,109488.9921875,106157.7890625,107204.3125,47657008953,0.013698405510000455,0.006861009972426446,-0.01588236351834038,-0.023443318504017374,0.028860039218148482,28.455520139090112,-0.018598893133320166,-0.011990451440154513,0.19805482927243903,0.21169403109665316,0.01768912239467313
2025-10-20,110588.9296875,111711.03125,107485.015625,108667.4453125,63507793085,0.01768912239467313,0.013698405510000455,0.006861009972426446,-0.01588236351834038,0.02129350708101966,29.846461276933297,-0.017766725935343848,-0.008926627393742555,0.28708053839082465,0.21574736098517588,-0.019098105646452646
2025-10-21,108476.890625,113996.34375,107534.75,110587.6328125,101194375480,-0.019098105646452646,0.01768912239467313,0.013698405510000455,0.006861009972426446,0.02108821376316139,30.89183883439337,-0.01905292537619125,-0.008170261467671965,0.2305915242284161,0.22283358660479338,-0.007267028792566799
2025-10-22,107688.5859375,109115.1328125,106778.0,108491.53125,80807013218,-0.007267028792566799,-0.019098105646452646,0.01768912239467313,0.013698405510000455,0.015306818984017357,26.143895819860404,-0.020299710993889573,-0.00753363766829623,0.22918127949858758,0.22739016213832153,0.022111355667553845
2025-10-23,110069.7265625,111288.59375,107548.4296875,107679.4375,54944076060,0.022111355667553845,-0.007267028792566799,-0.019098105646452646,0.01768912239467313,0.017737292491449556,32.66761347238436,-0.01875731050154493,-0.004792989740761269,0.33959214581329017,0.22260321395329408,0.008759859251149305
2025-10-24,111033.921875,111842.53125,109770.1484375,110069.3515625,48160816980,0.008759859251149305,0.022111355667553845,-0.007267028792566799,-0.019098105646452646,0.017414202421146812,45.813243134830024,-0.016832930981857747,-0.0022948881768592687,0.3953968134265447,0.21397068533814984,0.005474045023684315
2025-10-25,111641.7265625,111947.703125,110704.40625,111032.6171875,24707667305,0.005474045023684315,0.008759859251149305,0.022111355667553845,-0.007267028792566799,0.01617507296012573,51.71989601857898,-0.014743630805205734,-0.0001644704001658049,0.4403197625511463,0.19882897149994394,0.025355383127430242
2025-10-26,114472.4453125,115260.90625,111268.484375,111639.0546875,41708524143,0.025355383127430242,0.005474045023684315,0.008759859251149305,0.022111355667553845,0.015358606071624339,48.46472480909899,-0.010716132566959441,0.003090422270464391,0.6020835167872508,0.17455155548754492,-0.0030847352525406047
2025-10-27,114119.328125,116273.3125,113882.2890625,114479.8515625,61761358733,-0.0030847352525406047,0.025355383127430242,0.005474045023684315,0.008759859251149305,0.013808935424629725,47.492024780341225,-0.0079949465477535,0.0046492866317362665,0.613231473177472,0.1589434971401179,-0.01019252462848308
2025-10-28,112956.1640625,116078.984375,112291.6796875,114129.0859375,64528066504,-0.01019252462848308,-0.0030847352525406047,0.025355383127430242,0.005474045023684315,0.014848735685210184,49.63021959267265,-0.00662649322819438,0.004814191961036311,0.5955443588793665,0.12891008130912304,-0.025681284408657135
2025-10-29,110055.3046875,113642.7265625,109368.71875,112921.328125,62192043469,-0.025681284408657135,-0.01019252462848308,-0.0030847352525406047,0.025355383127430242,0.01739126933907699,48.38525176040592,-0.007659685785151575,0.003024799523263292,0.41266451564137246,0.09738139011885683,-0.015898895718551742
2025-10-30,108305.546875,111612.3515625,106376.6875,110059.1953125,69673964814,-0.015898895718551742,-0.025681284408657135,-0.01019252462848308,-0.0030847352525406047,0.017138815517641973,50.27548432618986,-0.009667016358916338,0.0008139751595988235,0.274424492581367,0.09799918755407364,0.011547120379193476
2025-10-31,109556.1640625,111031.8203125,108288.2734375,108304.4140625,60090359560,0.011547120379193476,-0.015898895718551742,-0.025681284408657135,-0.01019252462848308,0.01645865911233974,57.27605772961496,-0.009996029102006955,0.000387969933206566,0.39591698581558266,0.09852773937199343,0.004635536182247879
2025-11-01,110064.015625,110574.8984375,109372.953125,109558.625,25871668762,0.004635536182247879,0.011547120379193476,-0.015898895718551742,-0.025681284408657135,0.01621391505760109,56.823138134619036,-0.009811079863158823,0.0004583353376437591,0.46303661939952134,0.09113163492665925,0.005229768982454308
2025-11-02,110639.625,111167.3125,109523.453125,110064.4296875,34284209459,0.005229768982454308,0.004635536182247879,0.011547120379193476,-0.015898895718551742,0.014733565683511259,54.905940638298944,-0.00912559152181836,0.000915058943187377,0.5484324345213523,0.08153200363445877,-0.03698585893164408
2025-11-03,106547.5234375,110764.9140625,105336.359375,110646.90625,72852006359,-0.03698585893164408,0.005229768982454308,0.004635536182247879,0.011547120379193476,0.018534856079559812,40.92930998929683,-0.011915673728533688,-0.0015000186108223602,0.13471983709996793,0.08292836092889529,-0.046523840630681046
2025-11-04,101590.5234375,107264.8828125,98962.0625,106541.421875,110967184773,-0.046523840630681046,-0.03698585893164408,0.005229768982454308,0.004635536182247879,0.022470114205186624,36.294282301508844,-0.018251693716645607,-0.006268830879147423,-0.16961914197936304,0.10681089806711684,0.02265282648549194
2025-11-05,103891.8359375,104534.703125,98989.9140625,101579.234375,77584934804,0.02265282648549194,-0.046523840630681046,-0.03698585893164408,0.005229768982454308,0.022020617935940918,42.87269689603064,-0.020285701306787803,-0.006642270775431693,0.08053412367758338,0.11591664052474138,-0.02493503798083263
2025-11-06,101301.2890625,104147.3046875,100336.8671875,103893.6640625,63932752861,-0.02493503798083263,0.02265282648549194,-0.046523840630681046,-0.03698585893164408,0.02240178694508509,33.66818815197158,-0.024566563543692424,-0.008738506409869052,-0.03324994724155051,0.13154441262798366,0.020445121741957006
2025-11-07,103372.40625,104052.9140625,99257.0546875,101286.2421875,92168030081,0.020445121741957006,-0.02493503798083263,0.02265282648549194,-0.046523840630681046,0.0246047316550465,36.295021356687705,-0.025090196668790466,-0.007409711627973676,0.14398765668897276,0.1389447194849767,-0.010547196317199026
2025-11-08,102282.1171875,103373.5625,101458.0390625,103371.703125,51446691095,-0.010547196317199026,0.020445121741957006,-0.02493503798083263,0.02265282648549194,0.023889056596145434,33.541554473617694,-0.026723380207169925,-0.007234316133082508,0.11990976564857173,0.1492345983539919,0.02383137448193029
2025-11-09,104719.640625,105418.3671875,101468.875,102278.984375,59679243013,0.02383137448193029,-0.010547196317199026,0.020445121741957006,-0.02493503798083263,0.025501067991374523,32.60965928356241,-0.0249921814297006,-0.004402493884490547,0.2911531688875799,0.15141326020418489,0.012194017448672767
2025-11-10,105996.59375,106564.6953125,104350.6484375,104723.7734375,69585887229,0.012194017448672767,0.02383137448193029,-0.010547196317199026,0.020445121741957006,0.02554303981357544,35.978219179486246,-0.022590157268299937,-0.001600375778471906,0.3775146044724378,0.15257646325785262,-0.028294541304540788
2025-11-11,102997.46875,107428.2578125,102457.328125,105996.859375,71130078574,-0.028294541304540788,0.012194017448672767,0.02383137448193029,-0.010547196317199026,0.026551990288634364,33.833635384789034,-0.02361188546095769,-0.0020976831769037273,0.21998635684533424,0.1584887501326701,-0.012954505253314763
2025-11-12,101663.1875,105297.234375,100836.6171875,103011.4375,64347179408,-0.012954505253314763,-0.028294541304540788,0.012194017448672767,0.02383137448193029,0.02629659064745053,35.646691322175016,-0.024985017266288333,-0.002776651985787495,0.17947053452639267,0.165556451294264,-0.01933536967351135
2025-11-13,99697.4921875,104005.4921875,97988.71875,101674.1484375,101546815416,-0.01933536967351135,-0.012954505253314763,-0.028294541304540788,0.012194017448672767,0.024686249224849337,35.38531776423142,-0.02760957208306342,-0.004320965442050063,0.11993740996554629,0.1748297270268932,-0.053157837862490065
2025-11-14,94397.7890625,99804.4296875,94000.734375,99694.703125,114346441890,-0.053157837862490065,-0.01933536967351135,-0.012954505253314763,-0.028294541304540788,0.025943050693499423,27.374958196183385,-0.03507000994221829,-0.009425122640963943,-0.046328727930239226,0.19928929244551066,0.012196889211437911
2025-11-15,95549.1484375,96728.46875,94420.46875,94420.46875,38500716654,0.012196889211437911,-0.053157837862490065,-0.01933536967351135,-0.012954505253314763,0.02480023111012675,28.743768956273726,-0.03786616649855398,-0.009777023357839709,0.06001211840211046,0.20427713565335628,-0.01435983820826503
2025-11-16,94177.078125,96564.1875,92971.1640625,95556.8671875,71086235862,-0.01435983820826503,0.012196889211437911,-0.053157837862490065,-0.01933536967351135,0.02421916131162966,26.441068627937653,-0.04170078446551368,-0.01088931305983952,0.04807818159045925,0.20876856927203705,-0.02212006537551514
2025-11-17,92093.875,95928.3671875,91214.7578125,94180.875,94186165724,-0.02212006537551514,-0.01435983820826503,0.012196889211437911,-0.053157837862490065,0.022542469383751138,28.054100258999696,-0.04659286991619161,-0.012625118808413958,0.01683741008524503,0.21815930747837597,0.009284005043766586
2025-11-18,92948.875,93745.078125,89300.4609375,92094.53125,101333569062,0.009284005043766586,-0.02212006537551514,-0.01435983820826503,0.012196889211437911,0.02346504921243899,35.011803500643765,-0.04796972729633344,-0.011201580950844628,0.10430375832294846,0.22627555470085292,-0.015953746750565823
2025-11-19,91465.9921875,92946.1640625,88526.828125,92946.1640625,80350354656,-0.015953746750565823,0.009284005043766586,-0.02212006537551514,-0.01435983820826503,0.020401624150811058,27.81871714313766,-0.05092265833154411,-0.011323609588844236,0.09529930750678936,0.2387222207628049,-0.05285126891851111
2025-11-20,86631.8984375,93025.0703125,86040.796875,91459.3515625,97970645638,-0.05285126891851111,-0.015953746750565823,0.009284005043766586,-0.02212006537551514,0.021714810730825023,25.755715673550043,-0.0594021134149251,-0.015842451737780178,-0.015086696559525723,0.2612351206823579,-0.017790340109098413
2025-11-21,85090.6875,87380.8046875,80659.8125,86528.7734375,129157506112,-0.017790340109098413,-0.05285126891851111,-0.015953746750565823,0.009284005043766586,0.021508890996684307,19.246915702437633,-0.06573091193844151,-0.017737000209037262,0.002016755292937343,0.27956326465394343,-0.0051983141515926645
2025-11-22,84648.359375,85503.0078125,83490.8984375,85098.5625,40793099246,-0.0051983141515926645,-0.017790340109098413,-0.05285126891851111,-0.015953746750565823,0.02187597810087608,19.67584313967845,-0.0698752548753796,-0.01750507451678028,0.040341475315164736,0.2877898595211149,0.025477734635657168
2025-11-23,86805.0078125,88038.46875,84641.7734375,84648.609375,58083435576,0.025477734635657168,-0.0051983141515926645,-0.017790340109098413,-0.05285126891851111,0.025794775956935797,18.892325290453414,-0.0682846921811498,-0.012731609458040374,0.15509765945367746,0.2930732040681762,0.01688329653360121
2025-11-24,88270.5625,89206.3359375,85272.1953125,86798.7734375,74433896110,0.01688329653360121,0.025477734635657168,-0.0051983141515926645,-0.017790340109098413,0.02319188883838085,19.42011577845321,-0.06517333510225769,-0.007696201903318607,0.23520203876494303,0.30044341752407255,-0.010520742688141405
2025-11-25,87341.890625,88457.3359375,86131.4296875,88269.9609375,64837343545,-0.010520742688141405,0.01688329653360121,0.025477734635657168,-0.0051983141515926645,0.022256932299831708,20.91414776827625,-0.0643979718210281,-0.0055366708976712226,0.23110058787441934,0.3023935127842267,0.03636830551491177
2025-11-26,90518.3671875,90581.15625,86316.8984375,87345.5859375,66496301869,0.03636830551491177,-0.010520742688141405,0.01688329653360121,0.025477734635657168,0.0262501593536314,30.62100560583835,-0.057520592366929635,0.0010725668451418008,0.3586128241178098,0.3003973288918174,0.008473504729832548
2025-11-27,91285.375,91897.578125,90089.515625,90517.765625,57040622845,0.008473504729832548,0.03636830551491177,-0.010520742688141405,0.01688329653360121,0.025632866595145316,34.73644071280437,-0.052129700374023064,0.005170767070438703,0.4030359673863836,0.2902690343971679,-0.004010602738938163
2025-11-28,90919.265625,92969.0859375,90257.1171875,91285.3828125,60895830289,-0.004010602738938163,0.008473504729832548,0.03636830551491177,-0.010520742688141405,0.025408041449602754,42.31184568816812,-0.048203915590454574,0.007277241483205757,0.4068311853889616,0.280704797411958,-0.0007425028351905061
2025-11-29,90851.7578125,91187.6171875,90260.1875,90918.7421875,37921773455,-0.0007425028351905061,-0.004010602738938163,0.008473504729832548,0.03636830551491177,0.024924736985314017,39.09549714504588,-0.04450664114839221,0.0087796127402145,0.4243002823004047,0.25884534259371794,-0.005035073877646679
2025-11-30,90394.3125,91965.046875,90394.3125,90838.2109375,38497902869,-0.005035073877646679,-0.0007425028351905061,-0.004010602738938163,0.008473504729832548,0.017101137956023846,40.829276977449815,-0.041686206769672225,0.00928003769514759,0.42713041131429175,0.22299163254248,-0.045055292472078956
2025-12-01,86321.5703125,90398.15625,83862.25,90389.109375,87962894424,-0.045055292472078956,-0.005035073877646679,-0.0007425028351905061,-0.004010602738938163,0.02238700188885681,37.237139715278815,-0.04442047943237163,0.005236612025958549,0.23961940531818784,0.19959233826021802,0.05825464938016567
2025-12-02,91350.203125,92316.6328125,86202.1953125,86322.5390625,78546798211,0.05825464938016567,-0.045055292472078956,-0.005035073877646679,-0.0007425028351905061,0.028408486795485497,47.01599054589743,-0.03767379213029434,0.009586639462428673,0.5534307099186471,0.1679020859607282,0.023837949867722363
2025-12-03,93527.8046875,94060.7734375,91056.390625,91345.09375,77650204986,0.023837949867722363,0.05825464938016567,-0.045055292472078956,-0.005035073877646679,0.028300982015285327,53.75120106888024,-0.031228367784367047,0.012825651046684778,0.7557208282756757,0.1429477569354226,-0.014821043775501641
2025-12-04,92141.625,94038.2421875,90976.1015625,93454.2578125,64538402681,-0.014821043775501641,0.023837949867722363,0.05825464938016567,-0.045055292472078956,0.028944534319247133,61.462302774668956,-0.02810879296275909,0.012756180694634186,0.6628605147739322,0.13797221241024393,-0.029887330373216225
2025-12-05,89387.7578125,92702.640625,88152.140625,92133.6484375,63256398633,-0.029887330373216225,-0.014821043775501641,0.023837949867722363,0.05825464938016567,0.030670668086246113,58.51013758874509,-0.02820337472174598,0.010129279148517842,0.46288692228846273,0.1262664624938972,-0.0012908122468182626
2025-12-06,89272.375,90267.4609375,88951.6640625,89389.359375,37994042405,-0.0012908122468182626,-0.029887330373216225,-0.014821043775501641,0.023837949867722363,0.02830320201550091,59.27778394338343,-0.027415957653127702,0.008733356973708896,0.4724720959184709,0.1180304439409489,0.012694471554050235
2025-12-07,90405.640625,91740.84375,87799.5625,89277.8125,47394898960,0.012694471554050235,-0.0012908122468182626,-0.029887330373216225,-0.014821043775501641,0.028491488529223688,57.53382514724176,-0.025126412451200685,0.008818321740508731,0.5896539539326989,0.11551454561292428,0.0025945560296725123
2025-12-08,90640.203125,92267.1171875,89644.890625,90424.5859375,57394099056,0.0025945560296725123,0.012694471554050235,-0.0012908122468182626,-0.029887330373216225,0.028480339935006312,55.22742830670852,-0.0230487498177485,0.00871678749916873,0.6292222865378857,0.11055566687662621,0.022633530616329445
2025-12-09,92691.7109375,94601.5703125,89586.9765625,90639.703125,66861721440,0.022633530616329445,0.0025945560296725123,0.012694471554050235,-0.0012908122468182626,0.02935355365546586,61.24465130393402,-0.018974253569518287,0.010233026997919156,0.8216630273449128,0.11357312841026403,-0.007236522211271801
2025-12-10,92020.9453125,94477.15625,91640.1328125,92695.234375,65420694513,-0.007236522211271801,0.022633530616329445,0.0025945560296725123,0.012694471554050235,0.029423620242632478,53.53006603846309,-0.016663283652799215,0.010035197531710584,0.7314741783923009,0.11206456802918073,0.005329119618741718
2025-12-11,92511.3359375,93554.265625,89335.296875,92011.3046875,64532834621,0.005329119618741718,-0.007236522211271801,0.022633530616329445,0.0025945560296725123,0.0243068219099806,52.918126290788734,-0.014054425700673617,0.010115244387068947,0.7614154145848024,0.1038899410421832,-0.024223213861206738
2025-12-12,90270.4140625,92747.9296875,89532.6015625,92513.6640625,80275884583,-0.024223213861206738,0.005329119618741718,-0.007236522211271801,0.022633530616329445,0.018317467603774694,48.58210308258947,-0.014195690006978214,0.00797918406461148,0.49031342360783375,0.08683358993144705,0.00031346787642294593
2025-12-13,90298.7109375,90647.5703125,89800.9921875,90257.796875,64237748110,0.00031346787642294593,-0.024223213861206738,0.005329119618741718,-0.007236522211271801,0.0161503023707011,48.78938475640623,-0.013841897393552917,0.006666381342429422,0.46869816002330744,0.07848325252144901,-0.023516739363752315
2025-12-14,88175.1796875,90498.109375,87634.9375,90296.4375,50465972205,-0.023516739363752315,0.00031346787642294593,-0.024223213861206738,0.005329119618741718,0.017043593082596425,45.47257090340739,-0.01565457611366378,0.0038829620978548494,0.17166278516331174,0.07877362905346032,-0.019908078936967
2025-12-15,86419.78125,89983.921875,85304.078125,88171.078125,45559514323,-0.019908078936967,-0.023516739363752315,0.00031346787642294593,-0.024223213861206738,0.015607972824922677,50.22129244929955,-0.018593459033272846,0.0007552633425966272,-0.039093975836255374,0.08304846619630468,0.01648005936140917
2025-12-16,87843.984375,88170.09375,85381.6875,86424.40625,41262178223,0.01648005936140917,-0.019908078936967,-0.023516739363752315,0.00031346787642294593,0.01682170398190403,40.56751767134988,-0.018810335352769384,0.0004307096184800706,0.18333900639657147,0.08713239708502064,-0.01935507109105894
2025-12-17,86143.7578125,90264.5703125,85316.265625,87847.6171875,44243392914,-0.01935507109105894,0.01648005936140917,-0.019908078936967,-0.023516739363752315,0.01687325465038653,29.611655092912173,-0.02095158498445532,-0.0013684320105646908,0.0452109554982647,0.09606869708446077,-0.007908292107279613
2025-12-18,85462.5078125,89412.6640625,84436.3125,86144.3671875,52667115348,-0.007908292107279613,-0.01935507109105894,0.01648005936140917,-0.019908078936967,0.016695460132485056,30.811071902002865,-0.022911616247269864,-0.0026627706187033855,0.04459495194873927,0.10621624185459899,0.03090097713717843
2025-12-19,88103.3828125,89339.1171875,85107.6640625,85476.1328125,46733310561,0.03090097713717843,-0.007908292107279613,-0.01935507109105894,0.01648005936140917,0.0183766178196157,46.285910769683994,-0.020943104738477165,-0.0005554072879285499,0.3369298871564049,0.10708102773839595,0.002731077738661547
2025-12-20,88344.0,88497.203125,87924.875,88101.671875,14688196659,0.002731077738661547,0.03090097713717843,-0.007908292107279613,-0.01935507109105894,0.01850641699717345,47.3346778968825,-0.019429296369355857,0.0007667208649542075,0.37325499576448423,0.10770182315658085,0.0031439599746445612
2025-12-21,88621.75,89027.953125,87613.203125,88344.703125,19845522660,0.0031439599746445612,0.002731077738661547,0.03090097713717843,-0.007908292107279613,0.018397711154323735,44.613953365494844,-0.017759901647147178,0.0019488924697303109,0.3848448344853173,0.10263117516926316,-0.0014864790528285043
2025-12-22,88490.015625,90501.9296875,87908.0703125,88621.3984375,38047472118,-0.0014864790528285043,0.0031439599746445612,0.002731077738661547,0.03090097713717843,0.01699028268537856,43.467441644086364,-0.016440305532701153,0.0026147908673410693,0.3850523426069424,0.10188518182921477,-0.01215974047919599
2025-12-23,87414.0,88898.3828125,86606.9765625,88490.03125,43683011533,-0.01215974047919599,-0.0014864790528285043,0.0031439599746445612,0.002731077738661547,0.01726852365011052,32.955306397105915,-0.016367396774341757,0.0021501597005603723,0.2857081843629209,0.09512416104533422,0.0022646365284737513
2025-12-24,87611.9609375,87956.8828125,86411.796875,87404.3203125,25550297986,0.0022646365284737513,-0.01215974047919599,-0.0014864790528285043,0.0031439599746445612,0.01573986164230112,35.31236629269394,-0.015748878753335017,0.002214942177253692,0.32870292740293944,0.09146396792128052,-0.004305562231041726
2025-12-25,87234.7421875,88501.7890625,86949.2578125,87608.3203125,19953216347,-0.004305562231041726,0.0022646365284737513,-0.01215974047919599,-0.0014864790528285043,0.014314253813531125,32.28855481337273,-0.01552408890126911,0.0019517856234556805,0.2990850701703539,0.09316770629237121,0.0007644603322913834
2025-12-26,87301.4296875,89459.4296875,86628.140625,87235.5078125,42455674908,0.0007644603322913834,-0.004305562231041726,0.0022646365284737513,-0.01215974047919599,0.01325295114226541,38.331083661981864,-0.01504521926088526,0.001944524211071625,0.32144921634487067,0.09453226745675343,0.005735605525503784
2025-12-27,87802.15625,87874.78125,87182.9765625,87301.4296875,13741199310,0.005735605525503784,0.0007644603322913834,-0.004305562231041726,0.0022646365284737513,0.011562578015414469,40.53919307555346,-0.013970203084210785,0.002415632310196883,0.39539884445999973,0.09357872539099611,0.00038358610925337544
2025-12-28,87835.8359375,87986.890625,87394.953125,87799.34375,15156557929,0.00038358610925337544,0.005735605525503784,0.0007644603322913834,-0.004305562231041726,0.011062105101415316,48.472022491198544,-0.013000386376619563,0.0027083592142304862,0.4144635337535039,0.09165283684354922,-0.007943173820266769
2025-12-29,87138.140625,90299.15625,86717.9140625,87835.7890625,48411625849,-0.007943173820266769,0.00038358610925337544,0.005735605525503784,0.0007644603322913834,0.0055375697600273934,53.575122281235174,-0.012832174469696964,0.0023012568969224684,0.3448854758900221,0.08138248255277594,0.014826942349620564
2025-12-30,88430.1328125,89297.9375,86735.546875,87134.3515625,35586356225,0.014826942349620564,-0.007943173820266769,0.00038358610925337544,0.005735605525503784,0.0074537902422796365,52.95603708924886,-0.011124872152075778,0.0032068473716349247,0.5571631453040028,0.07100429886335242,-0.01041844740246467
